id,Status_C,Status_D,Status_CL
7905,0.3627813808882538,0.025747319607919292,0.611471299503827
7906,0.5896578201418169,0.2140182868877049,0.19632389297047828
7907,0.04465720533564341,0.023006601231446714,0.93233619343291
7908,0.9537162839785808,0.008594996100234056,0.03768871992118515
7909,0.677237304917971,0.10427795489563656,0.2184847401863925
7910,0.9779793207335018,0.003862510062462558,0.018158169204035735
7911,0.979642277006085,0.003525146445899049,0.01683257654801594
7912,0.266008417275038,0.022662583536386713,0.7113289991885753
7913,0.012072305936907266,0.004037266591691323,0.9838904274714014
7914,0.6199764955550158,0.02736984286665643,0.35265366157832795
7915,0.7402760308123433,0.01358542332060371,0.24613854586705303
7916,0.7821294468199739,0.00980329351790219,0.20806725966212394
7917,0.33049645822962104,0.21259275270943812,0.4569107890609408
7918,0.8646424065428691,0.01744526476571479,0.11791232869141619
7919,0.7101727979166211,0.10567686581582843,0.1841503362675506
7920,0.9452065305212446,0.00365975560795862,0.051133713870796856
7921,0.9246858225067186,0.00750296057126679,0.06781121692201461
7922,0.018679160855994466,0.005508682353992344,0.9758121567900132
7923,0.8946201176228908,0.003213537038986299,0.10216634533812281
7924,0.5468417971475122,0.25912831316111684,0.1940298896913711
7925,0.010089481669466133,0.002217760559411814,0.987692757771122
7926,0.7172809050954357,0.010195154709622288,0.272523940194942
7927,0.8785463991299786,0.022430001593126452,0.09902359927689501
7928,0.024121158143970575,0.007345180857268873,0.9685336609987606
7929,0.9402205879203249,0.013550324260543775,0.0462290878191312
7930,0.17382864941805404,0.21861838071420006,0.607552969867746
7931,0.8922573023278367,0.005756177996651773,0.10198651967551157
7932,0.2109573007856797,0.018245287666718204,0.7707974115476022
7933,0.5776510881928588,0.025220075675009723,0.39712883613213157
7934,0.9566536629243395,0.004179679445085636,0.039166657630574864
7935,0.9366876498271742,0.007408159938084355,0.055904190234741295
7936,0.9036082120037828,0.027151676080298576,0.06924011191591875
7937,0.19146526341590364,0.021361848519260023,0.7871728880648364
7938,0.9621647714709417,0.005102128002766784,0.032733100526291546
7939,0.37754319039446554,0.061733035312322944,0.5607237742932116
7940,0.6448118918856843,0.14879016369944428,0.2063979444148716
7941,0.19315046694532526,0.058659357171857614,0.7481901758828172
7942,0.8928916549699726,0.009985745135780218,0.09712259989424717
7943,0.08419823202785476,0.04061145256990303,0.8751903154022422
7944,0.9690269943036006,0.002910351247344565,0.028062654449054845
7945,0.9421130329857844,0.0033481974604648557,0.05453876955375075
7946,0.8424061674410911,0.023756382325222914,0.133837450233686
7947,0.8150111170399871,0.015299516124903685,0.1696893668351094
7948,0.16184615499148258,0.04521877672878941,0.792935068279728
7949,0.08460039162483125,0.06556573218789562,0.8498338761872731
7950,0.916618345090854,0.007270151234835124,0.07611150367431084
7951,0.34010763824513895,0.13926064161235355,0.5206317201425076
7952,0.2254178502233312,0.22006790298939166,0.5545142467872772
7953,0.01392050407363886,0.0024953817868271686,0.983584114139534
7954,0.8900615300348,0.00965085680874078,0.10028761315645918
7955,0.19898765123023057,0.011231849834340843,0.7897804989354287
7956,0.021287952077208634,0.018193730734052088,0.9605183171887394
7957,0.874857277691306,0.017605365087059528,0.10753735722163456
7958,0.013246046002316167,0.004287791857116673,0.9824661621405673
7959,0.38049820223179887,0.05645948277345749,0.5630423149947436
7960,0.10416009892370225,0.015838390975106437,0.8800015101011912
7961,0.9454172832337759,0.009013371034927895,0.04556934573129612
7962,0.14756795442007714,0.007484026545783195,0.8449480190341396
7963,0.11686418677395276,0.10050827710026387,0.7826275361257834
7964,0.015843624838904554,0.006361233650616009,0.9777951415104795
7965,0.9588865744739424,0.009420078792338802,0.03169334673371876
7966,0.4933276281760497,0.018108381269680812,0.4885639905542696
7967,0.8403540111760982,0.034987975856452726,0.12465801296744912
7968,0.9170136173705109,0.003998474105138014,0.07898790852435103
7969,0.292328338223423,0.0329406738419725,0.6747309879346045
7970,0.8857969667484403,0.0034855060745947793,0.11071752717696494
7971,0.9622692064203794,0.002556947974698668,0.03517384560492193
7972,0.5044052362880047,0.2605381008221163,0.23505666288987914
7973,0.9393293951348486,0.011876113107840536,0.048794491757310814
7974,0.3252607799701034,0.11049958255178538,0.5642396374781112
7975,0.9172948087230285,0.017730791186531213,0.06497440009044032
7976,0.7743232680229297,0.010839314082758405,0.21483741789431204
7977,0.971242828452478,0.0035401948364460474,0.02521697671107598
7978,0.021355041998041082,0.006262556602650173,0.9723824013993088
7979,0.38968021723996077,0.024184800541323426,0.586134982218716
7980,0.897312149963805,0.005456096902525459,0.09723175313366955
7981,0.7790121283187627,0.030668317707487097,0.19031955397375044
7982,0.8929014797454446,0.01846160458926711,0.08863691566528815
7983,0.8087582213750821,0.020194282670517923,0.17104749595440003
7984,0.08273663415931944,0.04190309802081954,0.875360267819861
7985,0.3749512045300159,0.015418571240810147,0.6096302242291739
7986,0.09811143350078018,0.3402600685786912,0.5616284979205287
7987,0.5966652945156972,0.017201970150099433,0.3861327353342034
7988,0.7363333281851046,0.04112850012406483,0.22253817169083068
7989,0.8918866717362987,0.019818037402853473,0.08829529086084789
7990,0.5078380585349394,0.014630124403603896,0.4775318170614568
7991,0.038991796208759096,0.016382705385961305,0.9446254984052795
7992,0.9471106035450678,0.008643698241608107,0.04424569821332416
7993,0.7428586348410433,0.02078219064574976,0.23635917451320695
7994,0.9749076342648338,0.0065598113605426145,0.01853255437462353
7995,0.6788804635622371,0.02766536348328163,0.29345417295448134
7996,0.040697955481339886,0.028625049615987115,0.9306769949026731
7997,0.8701450275118816,0.035750482724580764,0.09410448976353776
7998,0.00551682241830139,0.0020349027578292697,0.9924482748238695
7999,0.009907099933340551,0.004097424275164287,0.9859954757914952
8000,0.8896011780974458,0.05821870229919104,0.05218011960336328
8001,0.8551215927384005,0.008539369853132821,0.13633903740846667
8002,0.5034310952096744,0.1407424885029734,0.3558264162873524
8003,0.5198842305711632,0.23098033185817457,0.24913543757066225
8004,0.517897605620402,0.027353799985637844,0.45474859439396026
8005,0.8332225381065395,0.017540738480255776,0.14923672341320474
8006,0.705269801516593,0.11164670759794047,0.18308349088546663
8007,0.8028907011564392,0.010125473392704278,0.18698382545085643
8008,0.9706027744798139,0.006690390786503317,0.02270683473368273
8009,0.771065893251532,0.016392094392146585,0.2125420123563215
8010,0.9220624305288648,0.028561186275623738,0.04937638319551148
8011,0.9017983448329693,0.007874924500144998,0.0903267306668857
8012,0.810946887912404,0.00666620231100706,0.18238690977658895
8013,0.06013517273685653,0.029058764102164802,0.9108060631609786
8014,0.9460249450421391,0.01374820499664463,0.0402268499612164
8015,0.9349363667255591,0.00703339087393227,0.058030242400508705
8016,0.9777734909563508,0.0031718884507707205,0.01905462059287841
8017,0.3617989518491291,0.004012709381693445,0.6341883387691776
8018,0.5860394159424752,0.07275382087321859,0.34120676318430637
8019,0.972372646476306,0.006555850337607618,0.021071503186086357
8020,0.6574214183136957,0.044890926576494176,0.29768765510981016
8021,0.040897136000992394,0.004243662108716454,0.9548592018902913
8022,0.12051027501214086,0.03608281877318795,0.8434069062146712
8023,0.718789808075145,0.0800661329814255,0.2011440589434295
8024,0.9174621234367685,0.0036769654903687954,0.0788609110728627
8025,0.15695963116247535,0.026657483192242818,0.8163828856452819
8026,0.9593095168971714,0.0040676166108570225,0.03662286649197153
8027,0.9670487600315959,0.004200854671060465,0.028750385297343705
8028,0.046514562348577454,0.018675406521728163,0.9348100311296943
8029,0.09478641682668291,0.03120932188377809,0.874004261289539
8030,0.9809752775698248,0.002806476009212857,0.016218246420962302
8031,0.8160612241334506,0.10417397887542237,0.07976479699112711
8032,0.9008861626104426,0.0035422533864612558,0.09557158400309619
8033,0.1018354750334696,0.07210167358348134,0.8260628513830491
8034,0.4208307811367923,0.04217602617470436,0.5369931926885033
8035,0.9449141887265494,0.009901330686704157,0.045184480586746525
8036,0.4078212803997826,0.5799512830455397,0.012227436554677859
8037,0.21616235191019384,0.06672126520245963,0.7171163828873466
8038,0.850864600261008,0.02184969914452675,0.1272857005944654
8039,0.029144272874996005,0.02362845714034354,0.9472272699846604
8040,0.4363728122986208,0.037121128879413455,0.5265060588219659
8041,0.2136568301614446,0.01599345512279453,0.7703497147157609
8042,0.06871853516227724,0.011671939299561403,0.9196095255381614
8043,0.9394098433810302,0.0042483979606379695,0.05634175865833197
8044,0.023044278315800512,0.0026766363193065934,0.9742790853648929
8045,0.1800013640808663,0.2398389444594937,0.5801596914596401
8046,0.8685326055934981,0.0039502674871650005,0.12751712691933698
8047,0.929173373239208,0.00917393297393624,0.06165269378685564
8048,0.9404286890510882,0.01062362356941473,0.04894768737949706
8049,0.6887557353904294,0.1744972627818749,0.1367470018276956
8050,0.2619667108569136,0.015516271967688742,0.7225170171753977
8051,0.12787682710886394,0.014736220371192345,0.8573869525199437
8052,0.979925801315762,0.006751756826752082,0.013322441857485972
8053,0.07596584677364694,0.023310740045677698,0.9007234131806754
8054,0.9104666904877508,0.006165656707592139,0.0833676528046571
8055,0.2754820144565396,0.1746334262042699,0.5498845593391907
8056,0.9013620443452773,0.030159067155626336,0.06847888849909632
8057,0.8321478674528822,0.0038493092769712003,0.16400282327014676
8058,0.8831422496667646,0.03045065491060707,0.0864070954226284
8059,0.6434960793621466,0.016801474695180205,0.33970244594267324
8060,0.08662458660497242,0.2944703695274423,0.6189050438675853
8061,0.14520394292722485,0.07219234931558009,0.7826037077571951
8062,0.0712209434462254,0.009206709739747165,0.9195723468140274
8063,0.9341932872813036,0.01859248806106523,0.04721422465763108
8064,0.024103335581226876,0.011338398914910723,0.9645582655038625
8065,0.8590312259671188,0.018920644865931816,0.12204812916694956
8066,0.9588625711100004,0.008098540203621002,0.03303888868637867
8067,0.02845098803544158,0.01086100752367648,0.9606880044408819
8068,0.8659141247295863,0.01999892613170444,0.11408694913870929
8069,0.9121053785929216,0.016072917551768172,0.07182170385531018
8070,0.9622682681585789,0.004782590670986789,0.03294914117043449
8071,0.9046427137131514,0.026539661340220184,0.0688176249466284
8072,0.9473405043202059,0.007601107667073529,0.04505838801272052
8073,0.9576130771048559,0.005668805594309638,0.03671811730083447
8074,0.8921688396522348,0.020988916665048544,0.08684224368271683
8075,0.9227864162662324,0.020873061740211186,0.05634052199355636
8076,0.9516218989087679,0.006310722711575629,0.04206737837965651
8077,0.13210258497558208,0.18745893454349702,0.6804384804809209
8078,0.16248855531967027,0.031024441416110677,0.8064870032642191
8079,0.8627140644458356,0.006040819547993905,0.13124511600617048
8080,0.9196346605526492,0.018002617542065977,0.06236272190528472
8081,0.9416838956926322,0.0060113890573531845,0.05230471525001458
8082,0.7221813676796103,0.04378314256036026,0.23403548976002952
8083,0.3218451460891157,0.08965774054810267,0.5884971133627818
8084,0.05998021572864506,0.006113282716870938,0.933906501554484
8085,0.9481481496508882,0.01229118985419968,0.03956066049491213
8086,0.004723531935344707,0.0028542062397997957,0.9924222618248556
8087,0.7223331436576961,0.04282347947637435,0.23484337686592965
8088,0.37262976797428254,0.018389926898681883,0.6089803051270356
8089,0.1659607554992258,0.011153850007276225,0.8228853944934981
8090,0.027180663091579557,0.0077645036823005475,0.96505483322612
8091,0.9566952713114864,0.0072882161928138145,0.03601651249569967
8092,0.012675320622832586,0.0027972283515474545,0.9845274510256199
8093,0.9317669672999389,0.031552339874280785,0.03668069282578033
8094,0.12877127511362899,0.10953620192668488,0.7616925229596863
8095,0.6710803395200114,0.13384958152962892,0.19507007895035966
8096,0.3049090555778265,0.027757543937962516,0.6673334004842111
8097,0.18268938579539193,0.02785291297631266,0.7894577012282955
8098,0.7952501638370939,0.03339612523756046,0.1713537109253456
8099,0.8561219069578954,0.006562691989731652,0.13731540105237308
8100,0.028765446054798468,0.007919134959569895,0.9633154189856317
8101,0.42273356265253476,0.05359160594124902,0.5236748314062162
8102,0.77166207272857,0.03885429240386768,0.18948363486756234
8103,0.2583285436065744,0.139363629704076,0.6023078266893497
8104,0.5534596853159397,0.16221379556379764,0.28432651912026274
8105,0.0077574834232777565,0.0017618197301246398,0.9904806968465977
8106,0.9708208182361852,0.0052255922948188475,0.023953589468995885
8107,0.007816356713970114,0.009751980261694567,0.9824316630243354
8108,0.954974632042802,0.014051743752853096,0.03097362420434498
8109,0.5431467674895448,0.007274381940081709,0.44957885057037356
8110,0.966239353167461,0.014798316920982638,0.018962329911556216
8111,0.4875681447704802,0.30485819706031464,0.20757365816920512
8112,0.7984652390468597,0.03153158767531936,0.1700031732778209
8113,0.0062766231208211945,0.007320704703099431,0.9864026721760794
8114,0.13251345007343507,0.08872884617020033,0.7787577037563645
8115,0.8987303547578444,0.008938587378628118,0.09233105786352769
8116,0.7254316283127932,0.06828329031450273,0.20628508137270418
8117,0.1951822535578165,0.02891627806127652,0.775901468380907
8118,0.6127250017702403,0.1391406739137717,0.24813432431598814
8119,0.7357077636756855,0.03983275689263512,0.22445947943167954
8120,0.9551881784594659,0.022998733046360163,0.021813088494174054
8121,0.35297431268414,0.11234677409366282,0.5346789132221973
8122,0.9755416968154992,0.002486909182865879,0.021971394001634954
8123,0.9819150158655118,0.002493263530779083,0.01559172060370904
8124,0.2838017436763502,0.1708024611848862,0.5453957951387638
8125,0.7548068757183938,0.019981593827696025,0.2252115304539103
8126,0.9297112067956655,0.015488045415390884,0.0548007477889436
8127,0.21256625860046197,0.04217805096402929,0.7452556904355089
8128,0.5239539300582959,0.05204273644231527,0.4240033334993889
8129,0.9456149987388759,0.03661816014725076,0.017766841113873406
8130,0.675446262309738,0.056770487434298945,0.26778325025596306
8131,0.019508321469359827,0.016822278400943285,0.9636694001296969
8132,0.8224297797176378,0.0690294407035625,0.10854077957879978
8133,0.9304281930928312,0.013331130697160312,0.05624067621000846
8134,0.5727342296464591,0.15389552945545018,0.27337024089809087
8135,0.019992333590892013,0.004555316682344323,0.9754523497267638
8136,0.023888078744555723,0.009108283459518652,0.9670036377959257
8137,0.28491102631171333,0.010980137626155595,0.7041088360621311
8138,0.1113395507453698,0.02085733095652292,0.8678031182981073
8139,0.05281331624126582,0.012038957635539438,0.9351477261231947
8140,0.9309767601824356,0.012447239539474431,0.0565760002780899
8141,0.9729158704117896,0.0034220716096119096,0.023662057978598525
8142,0.835369157686984,0.14563230740616862,0.018998534906847494
8143,0.9467696584474579,0.036290155045302405,0.01694018650723973
8144,0.13421158071217051,0.08882874009562587,0.7769596791922037
8145,0.9351991085127438,0.0077543804832061304,0.05704651100405018
8146,0.8699434020949317,0.009017286109969413,0.12103931179509898
8147,0.49002235454862886,0.019299388897171175,0.4906782565542001
8148,0.8603651155638942,0.004620291363353567,0.1350145930727523
8149,0.9417400500842551,0.0077963272369624146,0.05046362267878243
8150,0.9192557517498257,0.032615767131017576,0.04812848111915683
8151,0.15831328547681664,0.023751173868863957,0.8179355406543194
8152,0.9634037367888934,0.005918770154269901,0.03067749305683692
8153,0.8672372642236376,0.013902074801142554,0.11886066097521979
8154,0.9027595346109432,0.026600440387770093,0.07064002500128676
8155,0.08178053492557813,0.023966009823637672,0.8942534552507843
8156,0.9612967690945967,0.010209834375996917,0.028493396529406332
8157,0.8650551893162975,0.024305522944019914,0.11063928773968262
8158,0.9724317495219111,0.009660917576253028,0.01790733290183572
8159,0.3596135368732524,0.0711183878949155,0.5692680752318321
8160,0.759637687728874,0.04919388054424636,0.1911684317268796
8161,0.8645598521479123,0.03965179388114328,0.09578835397094436
8162,0.2530977512385553,0.4464286509020923,0.3004735978593524
8163,0.1646250769073333,0.021862524005185197,0.8135123990874815
8164,0.7947628080925028,0.047613891817501655,0.15762330008999556
8165,0.05302588008818001,0.0031253478107917463,0.9438487721010284
8166,0.537086764556181,0.008452746766448615,0.4544604886773705
8167,0.5748869807374971,0.07089226446212886,0.3542207548003741
8168,0.7535484225793566,0.015244938123979609,0.23120663929666382
8169,0.8338781006940758,0.008059147323345844,0.15806275198257855
8170,0.7001899056822743,0.05407441236826422,0.24573568194946135
8171,0.021359528871405836,0.005656192444479522,0.9729842786841146
8172,0.05171731931815438,0.04164886352495027,0.9066338171568954
8173,0.6693887994112876,0.011122341528991697,0.31948885905972074
8174,0.9684115353793814,0.0028638690483331524,0.028724595572285384
8175,0.9680741351361833,0.006634570925705421,0.025291293938111265
8176,0.5740239848114286,0.013071530858053973,0.4129044843305176
8177,0.11254490671679854,0.0433783691490748,0.8440767241341266
8178,0.7661325742477689,0.07890886460927753,0.1549585611429537
8179,0.6785141728207544,0.019866924264560198,0.30161890291468546
8180,0.28970164798710357,0.16697850070292417,0.5433198513099723
8181,0.2174610632173203,0.027747032194759675,0.75479190458792
8182,0.9737783269641079,0.004931543116189697,0.021290129919702392
8183,0.4958435836827043,0.02475986427027192,0.4793965520470237
8184,0.8756049939321346,0.027186322067405694,0.09720868400045969
8185,0.9840037610549804,0.0057963544753616,0.010199884469657992
8186,0.7542538309205721,0.018517600675968502,0.22722856840345937
8187,0.11882746546707738,0.031248351705967445,0.8499241828269551
8188,0.8906983632301982,0.009000054826294361,0.10030158194350737
8189,0.14736040019910698,0.09537368390862482,0.7572659158922683
8190,0.0990146351635968,0.62079663233502,0.2801887325013832
8191,0.9404172073779374,0.004840661040416131,0.054742131581646473
8192,0.9106206518021628,0.015604922236222372,0.07377442596161467
8193,0.9000029172587704,0.0031820932943051124,0.09681498944692457
8194,0.7931412132104991,0.15138177682372236,0.055477009965778416
8195,0.8094425206982843,0.006678081820797893,0.183879397480918
8196,0.9008242512979487,0.00905535040914412,0.09012039829290712
8197,0.7561074903796843,0.006559847391024229,0.23733266222929156
8198,0.45459663733376493,0.06024154428363532,0.4851618183825998
8199,0.9587359635817065,0.015268426459422774,0.025995609958870836
8200,0.9651254382961997,0.013210858097571845,0.021663703606228487
8201,0.04926682644830473,0.006111182855079408,0.9446219906966159
8202,0.4387336666447523,0.02487272358920656,0.5363936097660412
8203,0.876710716927618,0.008294195731031273,0.11499508734135071
8204,0.3565149616017182,0.09114119371396788,0.552343844684314
8205,0.9401446372438232,0.0029945403853953974,0.05686082237078132
8206,0.2922201160875945,0.016557611807758686,0.6912222721046469
8207,0.9590352649471618,0.004041052488246919,0.03692368256459128
8208,0.08837618470733989,0.07873025745338588,0.8328935578392742
8209,0.34049574659135234,0.04549702764037231,0.6140072257682754
8210,0.9636826530475918,0.007501273937751609,0.028816073014656454
8211,0.45202446429546506,0.09730197042555423,0.4506735652789808
8212,0.9451469017174786,0.005092758107411342,0.049760340175109885
8213,0.9450397123111253,0.014256151284233316,0.04070413640464145
8214,0.03679100374763276,0.01975162834850202,0.9434573679038653
8215,0.9330465768039663,0.052147594422940306,0.0148058287730934
8216,0.9124028921506112,0.009971151841702563,0.07762595600768608
8217,0.6158335844536339,0.051612468245317004,0.3325539473010492
8218,0.057349304603460126,0.030554845491879517,0.9120958499046604
8219,0.9688217504404553,0.009026631902065329,0.022151617657479524
8220,0.9460113549504764,0.006858861671083631,0.04712978337843992
8221,0.533063161628967,0.010345122821065686,0.45659171554996736
8222,0.4698272200267127,0.02314194435193349,0.507030835621354
8223,0.801320163539933,0.0651193544904524,0.1335604819696147
8224,0.6526117267548305,0.150383677471486,0.1970045957736835
8225,0.09440797944633413,0.023726264679155357,0.8818657558745107
8226,0.008746993337769272,0.0020576105842451116,0.9891953960779857
8227,0.9711912689817246,0.010486315333456427,0.01832241568481896
8228,0.9137780471893929,0.007672202304107425,0.07854975050649979
8229,0.06719273074286405,0.011132476079403928,0.9216747931777322
8230,0.4685223791740685,0.06634045586850829,0.4651371649574233
8231,0.5882386236761913,0.3771050492569927,0.034656327066816046
8232,0.5705474278760543,0.02139736773221503,0.40805520439173076
8233,0.04088250501354206,0.005584415406413581,0.9535330795800444
8234,0.9744506379312048,0.0067963610764656115,0.01875300099232957
8235,0.33500203944823703,0.07093997506411208,0.594057985487651
8236,0.24389161130356596,0.05409448377806073,0.7020139049183735
8237,0.8710288119812529,0.05029945538194882,0.0786717326367982
8238,0.24223457184674163,0.010573364349509914,0.7471920638037485
8239,0.07096209852955762,0.12567809275940642,0.8033598087110362
8240,0.8077849960150569,0.08784249689515948,0.10437250708978359
8241,0.024327387656209436,0.004497894600663851,0.9711747177431268
8242,0.8601752104492949,0.014847350472662653,0.12497743907804262
8243,0.5229747738976313,0.2633820051724654,0.21364322092990343
8244,0.9411333947682393,0.0030236518317931804,0.05584295339996732
8245,0.9286002990159482,0.009035777388946018,0.06236392359510572
8246,0.4382284581847415,0.03470478387851149,0.5270667579367471
8247,0.9757238770941622,0.007266489984049835,0.017009632921787976
8248,0.9798290506908138,0.004210415466500504,0.015960533842685694
8249,0.898800846691417,0.014316303327204068,0.086882849981379
8250,0.91906517384954,0.024548263010873577,0.05638656313958649
8251,0.7529895257156968,0.006627865962731349,0.2403826083215718
8252,0.5890476679479932,0.01973492571864535,0.39121740633336155
8253,0.9446092254398218,0.0059292182660169975,0.04946155629416119
8254,0.713736062562598,0.022318350678962557,0.26394558675843943
8255,0.4989662353657442,0.07618269134823202,0.42485107328602373
8256,0.6659914137534422,0.058923355461304706,0.2750852307852532
8257,0.8434110897308871,0.08901539312620917,0.06757351714290374
8258,0.00965188345803415,0.0047495582861851,0.9855985582557808
8259,0.059079167543719835,0.027292803937125763,0.9136280285191544
8260,0.8996240096348495,0.007849400749271526,0.09252658961587895
8261,0.888279404527493,0.01410683227296449,0.09761376319954249
8262,0.8538624284050329,0.011915184563062465,0.13422238703190464
8263,0.8902196350679513,0.045112320723703365,0.06466804420834535
8264,0.8939841317555333,0.006017167778823162,0.09999870046564344
8265,0.7063612875734078,0.08392975367644732,0.20970895875014486
8266,0.010535742449235304,0.002247251748383727,0.9872170058023809
8267,0.9136805903455733,0.015691671243923608,0.07062773841050302
8268,0.8751423006333784,0.027592057018468754,0.0972656423481529
8269,0.9196034829449317,0.011534597837227047,0.06886191921784127
8270,0.5477275116493151,0.04168969064969206,0.41058279770099276
8271,0.9127247030627313,0.05104592960307792,0.03622936733419077
8272,0.9538425235563385,0.002798960807835306,0.043358515635826274
8273,0.8631856083158541,0.08994113148438952,0.046873260199756385
8274,0.7593286169321535,0.03455076524030736,0.20612061782753927
8275,0.07124234776211852,0.09278662410258899,0.8359710281352926
8276,0.1856994006655845,0.019868899975626565,0.794431699358789
8277,0.9422397469108272,0.011972598037266663,0.04578765505190601
8278,0.7892557450369223,0.028158291131667134,0.1825859638314106
8279,0.8803945636652699,0.004557044047926009,0.11504839228680404
8280,0.02615246082781143,0.012812115277210689,0.961035423894978
8281,0.5666502845711248,0.12201147185827783,0.3113382435705974
8282,0.9633608068831594,0.018258499861756764,0.018380693255083787
8283,0.9067679911386587,0.006965398534025024,0.08626661032731613
8284,0.9576102094149475,0.01034465777642976,0.03204513280862283
8285,0.12939421028172102,0.013631577543493228,0.8569742121747858
8286,0.9780166320124917,0.0054185384410201,0.016564829546488212
8287,0.7722211374142606,0.010383730290098531,0.21739513229564075
8288,0.9781378184390248,0.004076119854420556,0.01778606170655454
8289,0.40733657375463683,0.054821363732308385,0.5378420625130549
8290,0.20669854177186245,0.013278530109297878,0.7800229281188397
8291,0.1904044830283611,0.012323054300284709,0.7972724626713542
8292,0.7793240017229696,0.02609410941050321,0.1945818888665272
8293,0.9016379352719986,0.0045854646276321945,0.09377660010036926
8294,0.9576319153291547,0.005285759557530631,0.03708232511331463
8295,0.9647541685953992,0.005536285968561281,0.029709545436039535
8296,0.651193628365432,0.04016057534565961,0.3086457962889084
8297,0.8921866816846068,0.0076346260138166104,0.1001786923015767
8298,0.9754218998225006,0.009940048436879673,0.014638051740619643
8299,0.8397706631973098,0.027397959871816455,0.1328313769308738
8300,0.8345273362989066,0.010541393670935035,0.1549312700301583
8301,0.5781388085245138,0.03145189874120711,0.3904092927342791
8302,0.23285897983269643,0.0859421900648444,0.6811988301024593
8303,0.8397398078257873,0.005930313617015608,0.15432987855719718
8304,0.03605845242317814,0.02319523251562926,0.9407463150611927
8305,0.9193290348588466,0.015243801403544704,0.06542716373760861
8306,0.9451867577758619,0.006672260023161756,0.04814098220097624
8307,0.01813533484952392,0.0027593518998895593,0.9791053132505865
8308,0.6604511284163767,0.0037600504404021757,0.3357888211432212
8309,0.07669783443353524,0.020062780535065945,0.9032393850313989
8310,0.8722366021504796,0.028124988847959758,0.09963840900156068
8311,0.853717835726321,0.008050794483098736,0.13823136979058034
8312,0.9129260637030675,0.021012919614333016,0.06606101668259956
8313,0.9550375672038534,0.014469611784688993,0.03049282101145769
8314,0.979014680652963,0.00520710550877339,0.015778213838263572
8315,0.7878132763431728,0.13696547856312316,0.07522124509370424
8316,0.8743638239631971,0.024317415458679926,0.10131876057812299
8317,0.8016722873665612,0.07141496528533352,0.12691274734810537
8318,0.5533252623301229,0.06878364720099793,0.3778910904688793
8319,0.03742976623630892,0.017601713872707255,0.9449685198909838
8320,0.8433368489731548,0.012562920722827556,0.1441002303040176
8321,0.7066547195944085,0.02373163092869165,0.2696136494768999
8322,0.2417593047393777,0.06905126344194183,0.6891894318186805
8323,0.018559382238046682,0.003729169095181709,0.9777114486667715
8324,0.031230298209669643,0.008341404335844977,0.9604282974544853
8325,0.9707610238353213,0.01489476788064424,0.014344208284034517
8326,0.9674629562101303,0.011390343103374981,0.021146700686494792
8327,0.9698704170592544,0.010046411389791562,0.02008317155095405
8328,0.03480764504009303,0.0026531880562428237,0.9625391669036641
8329,0.9815321643423307,0.0038909670791178754,0.01457686857855152
8330,0.1085426225069324,0.033537170643348595,0.857920206849719
8331,0.9742025605174083,0.005513876525127301,0.020283562957464488
8332,0.36663130086486956,0.2822961834377637,0.35107251569736686
8333,0.8850070145797463,0.004104009468821533,0.11088897595143214
8334,0.7453026176709772,0.007621649028175322,0.24707573330084745
8335,0.9608772437807178,0.0043362191119569226,0.03478653710732523
8336,0.13093955364417817,0.013157737248275937,0.855902709107546
8337,0.297739472929061,0.015853511559076137,0.686407015511863
8338,0.9619982977094318,0.0034501136249126137,0.03455158866565561
8339,0.4002066084546724,0.14486533568394924,0.4549280558613785
8340,0.9463555804378317,0.008845114309663067,0.04479930525250525
8341,0.9332833992929283,0.013482133306708213,0.05323446740036355
8342,0.980827732931502,0.0043398619948691085,0.014832405073628839
8343,0.6457540457535821,0.015724286821285773,0.3385216674251323
8344,0.059232041597401516,0.03151589244608247,0.909252065956516
8345,0.9758200016419781,0.0025896303184887452,0.02159036803953311
8346,0.7697243211417522,0.014101844266196656,0.2161738345920514
8347,0.42175964808333555,0.08695766118324644,0.49128269073341796
8348,0.22456516606522517,0.05894392696959364,0.7164909069651814
8349,0.9647535187914648,0.005631891795141228,0.029614589413394093
8350,0.70377641260278,0.008959565759668834,0.28726402163755116
8351,0.7476303871548601,0.006862840644263237,0.24550677220087677
8352,0.9682267650807589,0.0052468495638135155,0.02652638535542751
8353,0.06841669989125376,0.005864428817276997,0.9257188712914693
8354,0.034033934392637216,0.05478456317848803,0.9111815024288749
8355,0.9817905118308892,0.0025298395895434144,0.0156796485795675
8356,0.8191866662542512,0.009672889504059862,0.17114044424168903
8357,0.0927203807468669,0.012274611607721269,0.8950050076454118
8358,0.030355439421801553,0.03244410999585054,0.937200450582348
8359,0.9718331108603829,0.004529547201412428,0.0236373419382047
8360,0.8252651475802145,0.00784660716064301,0.16688824525914256
8361,0.33019855648897456,0.011494649425806495,0.6583067940852191
8362,0.8331913598206685,0.058469252147758305,0.10833938803157317
8363,0.31143452356096873,0.010334548195970657,0.6782309282430607
8364,0.8962904202347853,0.024957836855581065,0.07875174290963363
8365,0.9155490972854052,0.005348802638272891,0.07910210007632186
8366,0.7638412685994626,0.012819242081669329,0.22333948931886818
8367,0.7969303576309892,0.024836180838840514,0.17823346153017045
8368,0.9009097427768139,0.007936499214124334,0.0911537580090617
8369,0.6166026230376705,0.014888643385192472,0.36850873357713704
8370,0.7346439279638056,0.035791526895031435,0.22956454514116295
8371,0.8489065769171484,0.010209561091244641,0.14088386199160685
8372,0.009305146475816364,0.002952908080745396,0.9877419454434383
8373,0.013565566771924222,0.010985964465122896,0.9754484687629529
8374,0.24367642903792944,0.008242369887371545,0.7480812010746991
8375,0.9707510536063869,0.008238539413668212,0.02101040697994475
8376,0.09371794311310458,0.016519076423229025,0.8897629804636664
8377,0.8790991622588992,0.052190917532021035,0.06870992020907997
8378,0.8947293379868422,0.014764053709707153,0.09050660830345071
8379,0.9092447584423412,0.007248245276619769,0.08350699628103919
8380,0.7236923141924039,0.010050327087885941,0.2662573587197103
8381,0.9736426923248449,0.0078037979492574855,0.018553509725897612
8382,0.9437370784663744,0.005699562265332134,0.05056335926829342
8383,0.9429705797804835,0.010107715655069481,0.04692170456444712
8384,0.9402144588060432,0.006031391297517347,0.05375414989643947
8385,0.0640646526979072,0.1884193182073939,0.7475160290946989
8386,0.46735131225637655,0.06420783088321448,0.468440856860409
8387,0.9841720131948605,0.0029830932097143054,0.01284489359542527
8388,0.6420742762126143,0.015756811965993288,0.3421689118213926
8389,0.6267584000116936,0.061548459270278945,0.3116931407180276
8390,0.046479717061978156,0.009392105379047463,0.9441281775589744
8391,0.707166155318571,0.02833075890670478,0.26450308577472426
8392,0.85337880716823,0.028335933510220904,0.11828525932154911
8393,0.9572060427525947,0.005878594113806867,0.03691536313359844
8394,0.5722453281284745,0.052411788329295224,0.3753428835422303
8395,0.17349225198919402,0.03040790006307263,0.7960998479477334
8396,0.9050598941465219,0.03727745105094037,0.05766265480253769
8397,0.957678934706255,0.007032613582610903,0.03528845171113413
8398,0.9527104117538577,0.007827792774560574,0.0394617954715817
8399,0.857809345207967,0.0651737967263913,0.07701685806564183
8400,0.008129787405493966,0.007063964274135241,0.9848062483203707
8401,0.4051379422582351,0.2915875871286984,0.30327447061306667
8402,0.30475307417643377,0.10114836358848951,0.5940985622350768
8403,0.049445954627221934,0.09911557711940967,0.8514384682533686
8404,0.8156352249727881,0.009646577723518734,0.17471819730369328
8405,0.06721332793010991,0.0068335085881867244,0.9259531634817034
8406,0.8755522324754503,0.0054681261482280264,0.11897964137632179
8407,0.9406776258325981,0.008125922080476597,0.05119645208692541
8408,0.7104577793385637,0.0173760087803734,0.272166211881063
8409,0.0214942035295056,0.009280471731400442,0.969225324739094
8410,0.44887056979393564,0.32007576638342616,0.2310536638226383
8411,0.9197761050411438,0.0092259343389466,0.07099796061990958
8412,0.03581614659850868,0.004688324989979826,0.9594955284115114
8413,0.011139549665894198,0.010865321344679645,0.9779951289894261
8414,0.9620977641527999,0.004582992053347585,0.03331924379385239
8415,0.9073126800798351,0.01937719925026035,0.07331012066990461
8416,0.9419714323040346,0.010982464276412753,0.04704610341955272
8417,0.43928185234743816,0.010802614233796696,0.5499155334187652
8418,0.793945223572215,0.0797824516317047,0.12627232479608042
8419,0.02943599301092084,0.027074954220504387,0.9434890527685748
8420,0.7998326107085205,0.012207475385125167,0.18795991390635436
8421,0.0726487315744265,0.04552090793862957,0.881830360486944
8422,0.938711305931018,0.005888074890014922,0.05540061917896703
8423,0.9408044505125582,0.01049632609258913,0.04869922339485273
8424,0.4909593028454202,0.18233903839834922,0.3267016587562306
8425,0.8978735281050537,0.018178704794146613,0.08394776710079975
8426,0.04068286002611631,0.032546790143583616,0.9267703498303002
8427,0.5816075223100272,0.08261825451199441,0.3357742231779784
8428,0.9759131025984188,0.002802380036211276,0.02128451736537013
8429,0.9739755934371891,0.003685277079079409,0.022339129483731623
8430,0.947754518205895,0.024448380878010514,0.02779710091609453
8431,0.09628851961760942,0.014968214604179674,0.888743265778211
8432,0.49579160857743804,0.23725991834544685,0.26694847307711517
8433,0.8640235253295551,0.04881070750724348,0.08716576716320139
8434,0.014244697738000562,0.012898086924858882,0.9728572153371406
8435,0.9436717069191815,0.004487786334834265,0.051840506745984165
8436,0.5131026413605132,0.04971650840864099,0.4371808502308458
8437,0.02542323756452916,0.008291726966360425,0.9662850354691105
8438,0.947291009331422,0.02599562779674884,0.026713362871829283
8439,0.3729341124997654,0.08464887146689716,0.5424170160333376
8440,0.8673884109959256,0.06384879399705072,0.06876279500702376
8441,0.5002744924925587,0.009390540857043266,0.49033496665039805
8442,0.951378041091547,0.01248446960480818,0.03613748930364492
8443,0.9548869220301605,0.006942585821410135,0.038170492148429484
8444,0.9338592607538564,0.026677435450960577,0.03946330379518303
8445,0.978542778822537,0.012151573110282567,0.00930564806718045
8446,0.8645672783735506,0.007419423858211341,0.12801329776823808
8447,0.12961587837918775,0.10626393354034754,0.7641201880804648
8448,0.8942897887188062,0.0044845180542850615,0.10122569322690882
8449,0.25734696946665175,0.2033937247764734,0.5392593057568749
8450,0.5578276313503577,0.03929535123138101,0.40287701741826115
8451,0.9527196727796322,0.009177692667078043,0.03810263455328997
8452,0.9798478502614592,0.0042949569414705195,0.015857192797070332
8453,0.8497085337100085,0.028575838417866446,0.12171562787212509
8454,0.5704930283646373,0.017577795284796468,0.4119291763505663
8455,0.20693919816693343,0.005680181221113924,0.7873806206119526
8456,0.4270496052091947,0.017681991417192476,0.5552684033736129
8457,0.9124764747691559,0.010818442848163357,0.0767050823826809
8458,0.59863901045784,0.1335407155127591,0.2678202740294012
8459,0.9621002549268076,0.008158895791850999,0.029740849281341384
8460,0.9652505916779653,0.010361976977194065,0.024387431344840536
8461,0.06601197331235144,0.029045699028981183,0.9049423276586676
8462,0.9452615345781475,0.016471600725097086,0.0382668646967553
8463,0.4963451765604178,0.010956397034777176,0.49269842640480505
8464,0.9160805333242772,0.02500859143359499,0.05891087524212791
8465,0.43264892346402356,0.010779424579361582,0.5565716519566151
8466,0.8691484120230327,0.0292155292242097,0.10163605875275754
8467,0.9638650949151134,0.003990825643019845,0.03214407944186669
8468,0.2626964146405709,0.05533525428248965,0.6819683310769394
8469,0.12042931401275313,0.04898110659205591,0.8305895793951911
8470,0.8121161837309459,0.04059376519703102,0.14729005107202317
8471,0.9259152243594374,0.004032123782492217,0.07005265185807048
8472,0.861730352971681,0.031338167887861014,0.10693147914045815
8473,0.9702414643301923,0.013523790636153598,0.01623474503365389
8474,0.812148246659795,0.04873166980998303,0.1391200835302219
8475,0.13336149974334346,0.007875228978203367,0.8587632712784532
8476,0.9497491286370522,0.008071807028896004,0.04217906433405184
8477,0.442202671694492,0.2149250558898075,0.34287227241570056
8478,0.9276587819644321,0.042449775216671974,0.029891442818896056
8479,0.9603226998816102,0.014173984819135971,0.02550331529925377
8480,0.9214616640682761,0.010210636157285277,0.06832769977443857
8481,0.980907562274892,0.006176804509911946,0.012915633215196036
8482,0.2577697379865821,0.017557160814326515,0.7246731011990916
8483,0.02021888953774976,0.009548234107222659,0.9702328763550276
8484,0.9168355430436564,0.022605151194272127,0.06055930576207144
8485,0.9740383280693153,0.0060721729990851235,0.019889498931599563
8486,0.02927198588460805,0.009509173883457235,0.9612188402319348
8487,0.6086091503151263,0.01909286623665842,0.37229798344821546
8488,0.9696032992161276,0.0060927962832767685,0.024303904500595604
8489,0.5996006959041348,0.02551790027367785,0.37488140382218754
8490,0.09640764525017105,0.029571754899890248,0.8740205998499387
8491,0.04385360734131435,0.008314603053712953,0.9478317896049727
8492,0.8884158039335389,0.06292697379344933,0.04865722227301193
8493,0.8765171987501105,0.010012841763146348,0.11346995948674331
8494,0.8334526908094319,0.011184806848062645,0.1553625023425054
8495,0.9253059182922514,0.034930591342494086,0.03976349036525461
8496,0.8440505900880837,0.01794397689218632,0.13800543301973006
8497,0.9398245205330527,0.00489170891537829,0.055283770551569016
8498,0.046890004778367154,0.013234286473746427,0.9398757087478864
8499,0.9315121467603643,0.007894425074327192,0.060593428165308535
8500,0.8419806864710334,0.0660401076031945,0.09197920592577206
8501,0.8061816883620635,0.014731336147113354,0.17908697549082322
8502,0.027360226608837874,0.0055433588471000906,0.9670964145440621
8503,0.8799911485535211,0.026428670472007736,0.09358018097447122
8504,0.06069342228767993,0.011266036188804136,0.9280405415235161
8505,0.9635678198369396,0.0033046930990549526,0.0331274870640054
8506,0.9752988807217746,0.003451456955411479,0.021249662322813823
8507,0.8270429694689737,0.006270116290540613,0.16668691424048557
8508,0.8717508945876984,0.006033007166817198,0.12221609824548448
8509,0.9667868869457918,0.007211233662226007,0.02600187939198217
8510,0.6948729685205038,0.05373150697037908,0.251395524509117
8511,0.9326181422692832,0.0287569080566961,0.038624949674020644
8512,0.05404650698306801,0.007604226067769406,0.9383492669491627
8513,0.4350109231748265,0.24853601101964926,0.3164530658055243
8514,0.05118657933120727,0.008958305775352771,0.9398551148934401
8515,0.8218648217636343,0.006506627176508399,0.1716285510598574
8516,0.10732799519539973,0.029998170115692526,0.8626738346889078
8517,0.38889194519468484,0.021982067335594418,0.5891259874697208
8518,0.44755804042906244,0.2645921334585691,0.2878498261123686
8519,0.3238124043833697,0.05952352029566352,0.6166640753209668
8520,0.964612152478756,0.016710098439041237,0.01867774908220302
8521,0.9608689198035235,0.0036836302554435723,0.03544744994103294
8522,0.7657648495997205,0.0853457610042301,0.14888938939604954
8523,0.026469153221371836,0.013440445122227841,0.9600904016564004
8524,0.9667665229129704,0.013338059324897043,0.019895417762132585
8525,0.291711218466353,0.011649420367888677,0.6966393611657585
8526,0.9599477342904145,0.0030374680811798885,0.03701479762840553
8527,0.4543959776229565,0.19996438057332283,0.34563964180372075
8528,0.5353972232575047,0.007171601019769757,0.45743117572272557
8529,0.9574558658196796,0.002909197581679171,0.03963493659864124
8530,0.9300917271268986,0.003742139653997963,0.06616613321910336
8531,0.9507157825612017,0.009636693549213761,0.03964752388958451
8532,0.835088813227268,0.023130064828453988,0.14178112194427814
8533,0.9197729299409777,0.00746204719104772,0.07276502286797469
8534,0.8458952267055045,0.041794534766474996,0.1123102385280204
8535,0.9560327793485415,0.01583285231117931,0.028134368340279322
8536,0.9110187587794695,0.014554689783512823,0.07442655143701782
8537,0.3397818594183058,0.05165883171631822,0.6085593088653761
8538,0.23068889349581753,0.018417241505373088,0.7508938649988094
8539,0.7753995775889114,0.0772218261974013,0.1473785962136874
8540,0.9631876945823047,0.004309838282494327,0.03250246713520106
8541,0.09576620415926312,0.029588572313463422,0.8746452235272736
8542,0.9797543885082548,0.008624312118378207,0.0116212993733668
8543,0.9301263913151616,0.011166241754362915,0.058707366930475464
8544,0.020054500417934124,0.008113575909996881,0.971831923672069
8545,0.009483481523219763,0.003620341098551932,0.9868961773782284
8546,0.9514744995595765,0.01401097933815819,0.03451452110226538
8547,0.3593439250163644,0.04308965323693002,0.5975664217467056
8548,0.8137543142036859,0.017297392054394452,0.16894829374191966
8549,0.9544589433117946,0.0123665071402341,0.0331745495479713
8550,0.9795881285209979,0.00497804369740203,0.01543382778160015
8551,0.46275976932732255,0.019510135114498457,0.5177300955581791
8552,0.941890841551596,0.007239788909898923,0.050869369538505134
8553,0.005134232569420358,0.00438296949805043,0.9904827979325291
8554,0.13746085551419812,0.03425194269214627,0.8282872017936557
8555,0.9527218887471648,0.008520541947431638,0.03875756930540363
8556,0.14995463272768636,0.04162413037309665,0.808421236899217
8557,0.9632857994709301,0.009331762141286727,0.027382438387783273
8558,0.03187384450062828,0.008040450231359455,0.9600857052680123
8559,0.44277919784691205,0.02042638479992141,0.5367944173531666
8560,0.9676070092347688,0.007791291077128267,0.024601699688102992
8561,0.6302134789482535,0.12692541441005106,0.24286110664169533
8562,0.33508331448330986,0.24107751949851283,0.4238391660181774
8563,0.5148093671014154,0.029286598805095158,0.4559040340934894
8564,0.959123687233454,0.0058385603240398804,0.03503775244250626
8565,0.04447796293864409,0.041133327904424206,0.9143887091569317
8566,0.9204997616282987,0.0375207285776386,0.04197950979406282
8567,0.9642295870202682,0.0028134609267285522,0.032956952053003405
8568,0.892347106493136,0.005910841068651778,0.1017420524382122
8569,0.8868496344223097,0.01798706360810121,0.09516330196958918
8570,0.857398500704398,0.04391102140862258,0.09869047788697939
8571,0.0887333850277813,0.16163955249925224,0.7496270624729664
8572,0.0080209665338563,0.0025969571406640655,0.9893820763254796
8573,0.051074399870141146,0.014986741841371857,0.933938858288487
8574,0.5252211620476803,0.10471265870282295,0.3700661792494967
8575,0.023539533868395485,0.00786436365867139,0.9685961024729332
8576,0.04652496031543422,0.01844346858312496,0.9350315711014406
8577,0.7803015923316566,0.036754693977694285,0.18294371369064913
8578,0.984916673452219,0.0029689799642427113,0.012114346583538408
8579,0.962890050592505,0.0037258046732728846,0.03338414473422209
8580,0.8124758850190134,0.03755943592666581,0.14996467905432082
8581,0.6526997277985707,0.03401107550455384,0.31328919669687555
8582,0.8326015667925806,0.026717564434928846,0.14068086877249067
8583,0.9067166774095469,0.03598773729293614,0.05729558529751695
8584,0.011387763276897805,0.004554007035873751,0.9840582296872284
8585,0.9766524867198715,0.014596736169428278,0.008750777110700254
8586,0.9447701378651788,0.015397114200899198,0.03983274793392194
8587,0.9424426016050391,0.04225161952101419,0.015305778873946805
8588,0.07795042887302557,0.006525041052500196,0.9155245300744742
8589,0.9426902042871969,0.011043907790567862,0.046265887922235224
8590,0.19347275932931537,0.05162561333845291,0.7549016273322317
8591,0.009378947773073387,0.0024897779412968407,0.9881312742856299
8592,0.0324380721699971,0.007974236365959854,0.959587691464043
8593,0.03942357086788529,0.00727042343526631,0.9533060056968484
8594,0.8633345743085785,0.02664989591059477,0.11001552978082688
8595,0.653518623336542,0.009256206843130745,0.3372251698203274
8596,0.9363359094879208,0.0265620699433116,0.0371020205687675
8597,0.9369781732883024,0.007887172409210249,0.0551346543024875
8598,0.5098814972334965,0.19396114650694637,0.29615735625955714
8599,0.8067754685584275,0.015835552752244453,0.17738897868932818
8600,0.8902325050232255,0.030595567387111004,0.07917192758966367
8601,0.9782589516699688,0.0072544666331771255,0.014486581696853998
8602,0.9255508255553153,0.002976342591586467,0.07147283185309818
8603,0.7302855445137609,0.012461498804109468,0.2572529566821297
8604,0.8599763413927908,0.04818898207473012,0.09183467653247919
8605,0.4427082181982968,0.03185738129402187,0.5254344005076813
8606,0.7904218784211502,0.019076370654437482,0.19050175092441238
8607,0.6975445908183392,0.04388759970663963,0.25856780947502134
8608,0.09180162514621391,0.018848760439939057,0.8893496144138471
8609,0.05157440915352429,0.0068769418304520285,0.9415486490160236
8610,0.9554622488481168,0.002950587005554187,0.04158716414632909
8611,0.8046314109364433,0.15373266897092489,0.0416359200926319
8612,0.9771793568948147,0.0058474089001220265,0.01697323420506328
8613,0.6196963807972319,0.019634503705010183,0.360669115497758
8614,0.17770825719088285,0.012190190547610386,0.8101015522615068
8615,0.8655124260275534,0.01694981957528209,0.11753775439716461
8616,0.7818726074655226,0.035812297226509845,0.1823150953079676
8617,0.3485948049675504,0.08234316310684613,0.5690620319256036
8618,0.8981911178416605,0.03351382628559484,0.06829505587274474
8619,0.835476745976255,0.017777931455673825,0.14674532256807116
8620,0.9496266250448777,0.007056069768820269,0.04331730518630208
8621,0.9182575730437149,0.004958706325877602,0.07678372063040745
8622,0.006344175064159452,0.005109044303645318,0.9885467806321951
8623,0.5145804031623082,0.023504075090090202,0.4619155217476017
8624,0.3292461614685166,0.021606105970515783,0.6491477325609677
8625,0.8082857011770651,0.008335386940383977,0.1833789118825509
8626,0.8019170861271357,0.009027965989032802,0.1890549478838314
8627,0.9404957531405834,0.02342594749131596,0.03607829936810074
8628,0.6501233435578082,0.09717857113793,0.2526980853042618
8629,0.9135127304677383,0.025239601077383704,0.06124766845487806
8630,0.0944665574110823,0.06095713708222298,0.8445763055066948
8631,0.6146832713752023,0.11728132750620836,0.2680354011185894
8632,0.007700845487719288,0.0015965763904911255,0.9907025781217896
8633,0.023536451462373827,0.010209252637340049,0.9662542959002861
8634,0.4344581387159525,0.014425916338194983,0.5511159449458526
8635,0.5920286180938523,0.016742821044790135,0.3912285608613575
8636,0.6911384107088749,0.03887996057491412,0.2699816287162112
8637,0.7689489322910762,0.004924196659518592,0.22612687104940524
8638,0.9706916754943721,0.011287760263927117,0.01802056424170094
8639,0.6765351486219916,0.02416462549615431,0.2993002258818542
8640,0.22434956126417424,0.015294176525341568,0.7603562622104842
8641,0.9680467408696968,0.004569872987331026,0.02738338614297226
8642,0.20098654298954444,0.5428085288364165,0.2562049281740392
8643,0.5330415864771995,0.08523216900584406,0.38172624451695664
8644,0.012185267245228963,0.0029838103105093495,0.9848309224442616
8645,0.976067193376359,0.002197243575285391,0.02173556304835561
8646,0.4226359884994783,0.025513423083231745,0.55185058841729
8647,0.8278981098059532,0.004966958461787431,0.16713493173225938
8648,0.8259544793684915,0.01027795084988962,0.16376756978161883
8649,0.17024020913375668,0.004949874518479443,0.8248099163477639
8650,0.7586055837086525,0.01067412256531662,0.23072029372603084
8651,0.02936187322397624,0.004873080274229028,0.9657650465017946
8652,0.8805464282772387,0.010602916883419154,0.10885065483934207
8653,0.9588996150523698,0.004397214204778346,0.03670317074285207
8654,0.9635433230163026,0.004075438232456197,0.03238123875124111
8655,0.6294268216590606,0.01660968171636631,0.3539634966245732
8656,0.9533719915065332,0.003925996534908482,0.04270201195855834
8657,0.8494601085297693,0.04228963586106554,0.10825025560916511
8658,0.8441815507805902,0.03500195024187958,0.12081649897753026
8659,0.936867710054596,0.009552345687360029,0.05357994425804408
8660,0.03277934406035905,0.021847529449088587,0.9453731264905524
8661,0.9636777679901808,0.006959300031765002,0.029362931978054195
8662,0.011516512333827836,0.020422480749101826,0.9680610069170703
8663,0.8614683952323668,0.01206844538264702,0.12646315938498623
8664,0.6746453333234791,0.04992350635045086,0.2754311603260701
8665,0.9612730634396488,0.006065807299892059,0.03266112926045908
8666,0.963432544757541,0.01937198776940449,0.01719546747305448
8667,0.9665887333163102,0.010841565288850887,0.02256970139483885
8668,0.11021154635490711,0.2883071044055396,0.6014813492395533
8669,0.07178348069614539,0.014032287370809934,0.9141842319330447
8670,0.9610476976453545,0.0021278014794287514,0.03682450087521655
8671,0.32734450391678854,0.13518630536859425,0.5374691907146174
8672,0.7914321441028872,0.010284865895642646,0.19828299000147018
8673,0.9461649920957996,0.014720324852987474,0.0391146830512129
8674,0.020704259339191493,0.014026443831960759,0.9652692968288478
8675,0.38205064616082524,0.07371524222058777,0.544234111618587
8676,0.612026295542463,0.33869333025239,0.04928037420514692
8677,0.46412697004025777,0.1738588992851043,0.3620141306746379
8678,0.038732840988192546,0.048820257759259744,0.9124469012525479
8679,0.05037708900788596,0.010556091191596813,0.9390668198005172
8680,0.014281327934160254,0.003995705222860417,0.9817229668429793
8681,0.20944308892990118,0.040216971275193525,0.7503399397949054
8682,0.7065166930801221,0.01728517923643798,0.2761981276834399
8683,0.009694580676243581,0.0029481587581834437,0.9873572605655729
8684,0.87835893455295,0.009464983082860872,0.11217608236418906
8685,0.960418197423743,0.011964102837275748,0.027617699738981132
8686,0.8724834340024883,0.004263132023699837,0.12325343397381201
8687,0.012057277083697077,0.002427378132623654,0.9855153447836792
8688,0.8492209153695006,0.038456874474929806,0.11232221015556965
8689,0.1707650146031359,0.015027677318056298,0.8142073080788079
8690,0.9676643748478557,0.013800123471421346,0.01853550168072295
8691,0.8696716630220683,0.027772004696753432,0.10255633228117823
8692,0.9037034453010732,0.013647311170868448,0.08264924352805832
8693,0.8764658986125126,0.02698441667012628,0.09654968471736138
8694,0.948935505731585,0.004696837416730122,0.04636765685168487
8695,0.552650825010608,0.020253038993755267,0.4270961359956368
8696,0.514497089300317,0.22745591986083055,0.2580469908388526
8697,0.461794782713603,0.02700578163073185,0.5111994356556653
8698,0.015372898612485615,0.003348743492357743,0.9812783578951566
8699,0.8479071137548703,0.006000688310071685,0.14609219793505807
8700,0.9376182255650459,0.007034137860214433,0.05534763657473966
8701,0.10577396931985192,0.049804095316131426,0.8444219353640167
8702,0.857723145210555,0.006489360650489699,0.13578749413895536
8703,0.9286571015250907,0.003041730824116459,0.06830116765079293
8704,0.6435641472434395,0.03014724104148298,0.3262886117150776
8705,0.8738766630869331,0.09350636653540491,0.03261697037766221
8706,0.9418444993080868,0.006201711658606705,0.05195378903330664
8707,0.8897811985181551,0.019545861314765555,0.0906729401670794
8708,0.8102247134645716,0.018545461906697012,0.17122982462873146
8709,0.9686486549182652,0.014711952057446768,0.016639393024287918
8710,0.5498581092378462,0.06384497846083645,0.3862969123013174
8711,0.23655316379386745,0.04624769114298207,0.7171991450631506
8712,0.47101219353017626,0.021069800111244995,0.507918006358579
8713,0.4381966567901035,0.019429860609819646,0.5423734826000769
8714,0.41682250190630493,0.006494827363195883,0.5766826707304992
8715,0.9099226576494329,0.005159787255254351,0.08491755509531278
8716,0.8170552171977986,0.007458891691332763,0.17548589111086862
8717,0.8935433991083435,0.0054314020659687835,0.10102519882568776
8718,0.5759555839571312,0.17675701983677364,0.2472873962060952
8719,0.24083229033574854,0.03005529606671178,0.7291124135975396
8720,0.894844566355789,0.0654200433077947,0.039735390336416265
8721,0.8823661590995279,0.06204282786480446,0.055591013035667776
8722,0.5138473543459964,0.015211022347188059,0.47094162330681566
8723,0.41080812456603055,0.004583145677320031,0.5846087297566495
8724,0.09903807815011076,0.28011584283320423,0.6208460790166851
8725,0.33830547733265376,0.07052666736890921,0.5911678552984372
8726,0.9657190470790041,0.0032493484828672622,0.031031604438128736
8727,0.1704851599148611,0.07506326442808786,0.754451575657051
8728,0.8072034335903099,0.057881081667765,0.13491548474192525
8729,0.9782136019495649,0.0040586701137011,0.01772772793673401
8730,0.6913253616470549,0.018354286237378448,0.29032035211556667
8731,0.9125052674938388,0.012625777823567745,0.07486895468259347
8732,0.01534072046880958,0.00181945787251147,0.9828398216586788
8733,0.9773153754189796,0.0029314476239613724,0.019753176957059138
8734,0.3907322887459039,0.015348656308913666,0.5939190549451824
8735,0.9702998746060337,0.0031998409601842535,0.026500284433782013
8736,0.8736185136310151,0.013303188480606002,0.11307829788837906
8737,0.5530925008074924,0.01219000072426853,0.4347174984682391
8738,0.5824990497544332,0.019609345949929274,0.39789160429563747
8739,0.549776804830108,0.24395024733705264,0.2062729478328394
8740,0.9742365478789036,0.006595948660750033,0.019167503460346343
8741,0.3089066636927447,0.029894926490861017,0.6611984098163944
8742,0.17154969097402922,0.021456681905507133,0.8069936271204636
8743,0.6629775247854578,0.018006794686600294,0.319015680527942
8744,0.9780547014916042,0.004791816630629504,0.017153481877766222
8745,0.10113528475838517,0.009021126066231728,0.889843589175383
8746,0.7739451594356372,0.05557182627721909,0.17048301428714382
8747,0.014745920125337991,0.006531247284425796,0.9787228325902363
8748,0.967721403337955,0.005089553649629576,0.027189043012415533
8749,0.14525823004028474,0.015056263072010143,0.8396855068877053
8750,0.7266996807680414,0.015848039030364667,0.257452280201594
8751,0.5720928031060281,0.03044714174577903,0.3974600551481929
8752,0.9691359150313626,0.009316449498887864,0.021547635469749648
8753,0.9817033291536933,0.0048119815770887265,0.013484689269218047
8754,0.7966028482500008,0.040228231534470686,0.1631689202155285
8755,0.005470471478627141,0.0029099711769478634,0.991619557344425
8756,0.3445822905099361,0.09962639565573261,0.5557913138343313
8757,0.05502750594012773,0.01970697115289332,0.9252655229069789
8758,0.9752472545436165,0.010936873664988586,0.013815871791394952
8759,0.054474382704862066,0.034174591783900615,0.9113510255112373
8760,0.9668192365322813,0.01003017367059121,0.02315058979712756
8761,0.347679330626477,0.18268208932718416,0.46963858004633885
8762,0.8879001652642226,0.025428596850266893,0.08667123788551057
8763,0.9022809343035195,0.005018616278845155,0.09270044941763537
8764,0.4063257208634235,0.13432016145588285,0.4593541176806936
8765,0.48587100344502726,0.18674909106462648,0.32737990549034646
8766,0.4943891732279157,0.02298543021508377,0.4826253965570006
8767,0.4469103010156514,0.07383882026155601,0.47925087872279265
8768,0.2819263974543632,0.020402017364753937,0.6976715851808829
8769,0.007694686934972537,0.0013078405059718018,0.9909974725590557
8770,0.25493241875772615,0.6118513787997364,0.1332162024425376
8771,0.7384268086240782,0.16972811241077376,0.09184507896514814
8772,0.9750603072494498,0.01133895708934088,0.013600735661209515
8773,0.9684679829162248,0.007348019996318656,0.02418399708745641
8774,0.9583316705799605,0.015359764101080267,0.026308565318959268
8775,0.10206979871088837,0.6024843984134464,0.2954458028756653
8776,0.9775337163032267,0.005777668898857567,0.01668861479791575
8777,0.2073217672323339,0.4780758780385231,0.3146023547291431
8778,0.8156516138727868,0.0035173394847811783,0.18083104664243208
8779,0.022592427956626426,0.006111595016936414,0.9712959770264371
8780,0.6667050124754462,0.09663302810233639,0.23666195942221743
8781,0.04245121027319055,0.005089322104528936,0.9524594676222805
8782,0.03540304552209748,0.004706591880180515,0.959890362597722
8783,0.9876433199095191,0.004768865450294244,0.007587814640186696
8784,0.8025436072942154,0.008859635001028194,0.1885967577047565
8785,0.25600088570447627,0.035887034122398555,0.7081120801731252
8786,0.06164241248603534,0.009351708411298988,0.9290058791026657
8787,0.9195597980309974,0.008687691450951386,0.0717525105180513
8788,0.018905418271466207,0.022602006503535263,0.9584925752249985
8789,0.06942453650295617,0.006331181657439802,0.924244281839604
8790,0.9578607018031444,0.00624266219449341,0.03589663600236218
8791,0.524450343835218,0.029573296999208267,0.4459763591655738
8792,0.007825764668595874,0.004151774670966087,0.9880224606604381
8793,0.41314130912997504,0.006347825543100128,0.580510865326925
8794,0.004746602602976589,0.002014648668183727,0.9932387487288395
8795,0.9250469384941512,0.031956615290617926,0.042996446215230875
8796,0.4610445823227803,0.008654112433083685,0.5303013052441361
8797,0.9719794623571484,0.008250356859641064,0.019770180783210755
8798,0.48432262359511186,0.17139412273840998,0.3442832536664781
8799,0.045383767308551294,0.00905584605650849,0.9455603866349402
8800,0.9344236737910451,0.009328646931203952,0.056247679277751116
8801,0.008569772129757545,0.0013238878866050658,0.9901063399836374
8802,0.7276323428526813,0.017258319926825052,0.25510933722049384
8803,0.041168008372604786,0.02193281764206698,0.9368991739853283
8804,0.8888136239324342,0.020264036619215157,0.09092233944835067
8805,0.3917886302081078,0.07296572855394716,0.5352456412379452
8806,0.9122520423017567,0.009775187071539768,0.07797277062670359
8807,0.32904041818391083,0.017279395538019802,0.6536801862780696
8808,0.03924405743341282,0.023895045668490718,0.9368608968980965
8809,0.3862475221375032,0.3897416606821578,0.22401081718033902
8810,0.6898586743643373,0.08199231748183299,0.22814900815382977
8811,0.3419379159361576,0.03462154041794622,0.6234405436458963
8812,0.9643283951429953,0.011535064132672216,0.02413654072433247
8813,0.8289407320030467,0.038663857108090706,0.1323954108888626
8814,0.97498463817011,0.008508146857951216,0.016507214971938744
8815,0.980429147319788,0.005960180636077614,0.013610672044134456
8816,0.9557233928073182,0.019605924013633157,0.024670683179048723
8817,0.65975889212902,0.014432349249247708,0.32580875862173236
8818,0.637718783866342,0.033233319085758405,0.3290478970478998
8819,0.7033067435883166,0.22069607374416497,0.0759971826675186
8820,0.44060126954485657,0.13056610133699642,0.42883262911814707
8821,0.5512761151106702,0.016837006474102977,0.43188687841522694
8822,0.34790412229954243,0.009219604102338692,0.6428762735981189
8823,0.18538950391379236,0.009750813313227512,0.8048596827729801
8824,0.5327557496860207,0.005442249944092388,0.46180200036988694
8825,0.7665424006106693,0.02885685637666436,0.20460074301266648
8826,0.8384636627450907,0.08041751251860073,0.08111882473630862
8827,0.9607349145054529,0.005963500058240431,0.03330158543630666
8828,0.9717454887869569,0.013778908688375164,0.014475602524668016
8829,0.1009506884295669,0.025236248811165686,0.8738130627592676
8830,0.7095962782439139,0.016556574172154247,0.27384714758393186
8831,0.04177685528364034,0.006749664011797664,0.951473480704562
8832,0.10222115131125949,0.014452340003303135,0.8833265086854375
8833,0.17444232223008696,0.006390127837683669,0.8191675499322295
8834,0.6466304166368682,0.015316784194528364,0.33805279916860353
8835,0.7774128845903197,0.008422204716864412,0.214164910692816
8836,0.048868090815081734,0.024489385022310132,0.9266425241626082
8837,0.39997862620860264,0.009555421711841964,0.5904659520795555
8838,0.3470722706572485,0.10662240614135789,0.5463053232013936
8839,0.8433667616781254,0.01657436744014212,0.14005887088173244
8840,0.9737899484286836,0.0051767638350343394,0.02103328773628212
8841,0.9358518622784859,0.008580681453338127,0.05556745626817605
8842,0.8165278057413491,0.06737040476265842,0.11610178949599258
8843,0.9276763850779798,0.01590235935503743,0.056421255566982936
8844,0.3165619911416945,0.023834551268095684,0.6596034575902099
8845,0.4088401013486414,0.14428184451639162,0.44687805413496706
8846,0.21610454384816288,0.02473386242870785,0.7591615937231294
8847,0.6109461784765226,0.019960306698953007,0.3690935148245245
8848,0.2859119309485041,0.0684614403428319,0.6456266287086642
8849,0.9493484509513435,0.004092430829286939,0.04655911821936972
8850,0.009089801415539622,0.00232635921480885,0.9885838393696514
8851,0.2192339346935119,0.06613005841228438,0.7146360068942038
8852,0.9673699804080743,0.00558522835421026,0.027044791237715474
8853,0.1508695839659044,0.03179193236506756,0.8173384836690282
8854,0.5564328011299965,0.015409373619607447,0.42815782525039603
8855,0.33121992742144646,0.04027859148277101,0.6285014810957826
8856,0.8802206008293773,0.007642646039591955,0.11213675313103087
8857,0.22206995277354946,0.012898883652107795,0.7650311635743429
8858,0.9386060641810283,0.022772854494155465,0.038621081324816266
8859,0.892833190637846,0.019049992201957838,0.08811681716019598
8860,0.9479606929617194,0.0038240509361611714,0.048215256102119526
8861,0.7763133132329959,0.01116191665443951,0.2125247701125646
8862,0.01513980287667947,0.0031082372305310667,0.9817519598927894
8863,0.9666119682573123,0.010779440791813415,0.022608590950874256
8864,0.8484097332096739,0.019398577125343833,0.1321916896649823
8865,0.34402436121030683,0.03691397886442443,0.6190616599252688
8866,0.05506260381226395,0.6023283983651572,0.342608997822579
8867,0.1326257195719592,0.052878365884439144,0.8144959145436018
8868,0.1406311149289915,0.0769576034227164,0.7824112816482922
8869,0.18201869953909874,0.018247142198874675,0.7997341582620267
8870,0.5752678951987754,0.0754724698733866,0.3492596349278382
8871,0.9476138477394099,0.007652203080897845,0.04473394917969212
8872,0.054915961450845575,0.04737931105559303,0.8977047274935616
8873,0.9317502968398829,0.007319471047726807,0.06093023211239031
8874,0.94061712201579,0.016075927145628294,0.04330695083858167
8875,0.4164713486170655,0.040870420312731935,0.5426582310702027
8876,0.9215697906234739,0.00876531331862187,0.06966489605790416
8877,0.9155679825132553,0.035605126057971816,0.04882689142877278
8878,0.27077930304640846,0.46738581497935366,0.261834881974238
8879,0.12912258357724712,0.014882997306613343,0.8559944191161395
8880,0.8987026957918357,0.05139185020106686,0.04990545400709743
8881,0.9731624338527061,0.003455432238645265,0.02338213390864864
8882,0.6669389702183445,0.24201226907316942,0.09104876070848626
8883,0.8933056757695441,0.049416357649786004,0.05727796658066991
8884,0.9306049297150544,0.03153253348856378,0.037862536796381845
8885,0.030221400459734562,0.006133980734655665,0.9636446188056098
8886,0.01116062456918838,0.003780143692925219,0.9850592317378863
8887,0.8607589911908,0.01481437028065054,0.12442663852854954
8888,0.9798737689949225,0.005741688279360199,0.014384542725717394
8889,0.08474347639677025,0.027756638577028165,0.8874998850262016
8890,0.9263292185669847,0.006114554473352327,0.06755622695966292
8891,0.6969347382757665,0.025713560639930272,0.27735170108430335
8892,0.3487689720284855,0.06047785669574477,0.5907531712757698
8893,0.8793726070608375,0.017454665788705404,0.10317272715045715
8894,0.4816643805096304,0.12690181671873274,0.3914338027716369
8895,0.5965836519118869,0.04542213443710271,0.3579942136510104
8896,0.8564398182388876,0.004930076156197004,0.13863010560491548
8897,0.964541826197671,0.00890573107604793,0.026552442726280996
8898,0.9663985938830418,0.005364135343492087,0.028237270773466116
8899,0.7651646207907172,0.16307933024402166,0.07175604896526122
8900,0.9304927953423795,0.010881932819871026,0.058625271837749536
8901,0.1461067202540718,0.061236163510962206,0.792657116234966
8902,0.40782109940673655,0.025224989888505227,0.5669539107047582
8903,0.9495485818568131,0.01735010520706579,0.033101312936121015
8904,0.38659675801672383,0.2691371151503301,0.34426612683294616
8905,0.25179331923009823,0.292771374231057,0.4554353065388449
8906,0.5659519522096096,0.016410037609540698,0.4176380101808498
8907,0.9796346241902084,0.0048429267789450265,0.015522449030846376
8908,0.9208241278278333,0.005103511302330311,0.07407236086983643
8909,0.9588967325176113,0.012816929661486488,0.028286337820902202
8910,0.6365100439329224,0.11550935561134752,0.24798060045573014
8911,0.9512733194291562,0.004666005470606048,0.044060675100237874
8912,0.8625416313545109,0.010589916787023179,0.12686845185846599
8913,0.5986472791735055,0.010820372104590128,0.3905323487219045
8914,0.9488747084603005,0.0022518583290063927,0.048873433210693096
8915,0.2198883707010716,0.018011812421460497,0.762099816877468
8916,0.9809805639671602,0.002124635573942914,0.01689480045889682
8917,0.9412077144724688,0.016686651343948155,0.04210563418358322
8918,0.45941054630838346,0.01895964690604725,0.5216298067855694
8919,0.930043494838024,0.005745244101558446,0.06421126106041761
8920,0.9532755494644153,0.004337907427705214,0.042386543107879496
8921,0.9385403758184592,0.003777127411583905,0.05768249676995698
8922,0.011885110905669719,0.009787046359568915,0.9783278427347613
8923,0.6923487777286322,0.09765920258711237,0.20999201968425546
8924,0.9657471841676084,0.007789181248491007,0.026463634583900605
8925,0.895458298585856,0.007320225636759428,0.09722147577738448
8926,0.9107173809756289,0.023052162987178933,0.06623045603719233
8927,0.8480850678096574,0.004653100860704224,0.14726183132963852
8928,0.8879961425659645,0.007972120062691851,0.10403173737134379
8929,0.8810259551861468,0.08579415895393909,0.03317988585991428
8930,0.9498748565842027,0.005547729098235902,0.04457741431756132
8931,0.9425190461039598,0.018787334801256616,0.038693619094783735
8932,0.6410120463229364,0.022813735487730403,0.33617421818933324
8933,0.062021979071395,0.05278615454487158,0.8851918663837333
8934,0.9491520088991322,0.006452454279247308,0.0443955368216204
8935,0.7561317868232925,0.05513445294513551,0.18873376023157207
8936,0.26283125681672165,0.12429332949408041,0.6128754136891981
8937,0.9578797079748732,0.011254432353844495,0.03086585967128232
8938,0.050491305507472405,0.09213193976367469,0.8573767547288529
8939,0.7887020248616232,0.01943589009607546,0.19186208504230134
8940,0.8272968009582892,0.05069932577472465,0.12200387326698622
8941,0.47371197500153134,0.08845592423948066,0.4378321007589882
8942,0.12432488643684274,0.08562902765208162,0.7900460859110757
8943,0.8332865608812382,0.02102369982585749,0.14568973929290424
8944,0.9560662675884709,0.009035461005279646,0.03489827140624965
8945,0.6156709477399562,0.02311404676124053,0.3612150054988032
8946,0.6196783275743133,0.06731438958837795,0.3130072828373088
8947,0.35349940447403566,0.10900054644610896,0.5375000490798555
8948,0.8578034905034683,0.07784673896938428,0.06434977052714765
8949,0.28184021798133363,0.11325920703068197,0.6049005749879846
8950,0.8737573555262422,0.011143913314122112,0.11509873115963565
8951,0.9302834947369563,0.028412895080276546,0.041303610182767354
8952,0.6864126161556193,0.04017313204630025,0.2734142517980807
8953,0.8323334853166907,0.062395123474324736,0.10527139120898453
8954,0.980669075483721,0.0026261074175317556,0.01670481709874726
8955,0.7593470080414965,0.059772281297495865,0.18088071066100772
8956,0.9663144910788364,0.009878574186186574,0.023806934734977196
8957,0.9257053069557486,0.017285611441518856,0.05700908160273259
8958,0.13397076201953256,0.20211872476079118,0.6639105132196764
8959,0.3820835942111295,0.047867820718693666,0.570048585070177
8960,0.428128265067332,0.23057844529716187,0.34129328963550626
8961,0.20306845473296856,0.33944433298362325,0.4574872122834082
8962,0.24586610624622748,0.0168649935731748,0.7372689001805978
8963,0.06649060691505095,0.003945780719413292,0.9295636123655358
8964,0.7442042190592572,0.11001473043888858,0.14578105050185433
8965,0.5664674090287293,0.07101140583702668,0.36252118513424414
8966,0.5975990252919169,0.10883710753547939,0.2935638671726038
8967,0.3509871097187758,0.01145932485266682,0.6375535654285576
8968,0.8878612725110303,0.03139794796110115,0.0807407795278686
8969,0.6846835796330281,0.022898987636810485,0.2924174327301615
8970,0.8669082808916712,0.01627487632015606,0.11681684278817264
8971,0.12622557886561156,0.018880848150729188,0.8548935729836593
8972,0.2777034977313912,0.14081495868692648,0.5814815435816825
8973,0.8995763120970458,0.0048260278631106,0.09559766003984367
8974,0.18357591334205378,0.33082495937389717,0.4855991272840491
8975,0.8895542229908933,0.004973995269513517,0.10547178173959326
8976,0.9784283102845172,0.010463154766910534,0.01110853494857247
8977,0.6462468810270147,0.10967485056008439,0.244078268412901
8978,0.9245228875933812,0.0179948515625615,0.057482260844057255
8979,0.7296555915404609,0.14817804209044622,0.1221663663690929
8980,0.09526130470992163,0.013870476116286225,0.8908682191737922
8981,0.05876279629773628,0.007316107396014686,0.9339210963062491
8982,0.8556107181614259,0.014523657871959502,0.1298656239666148
8983,0.9647093506418679,0.003793830813746976,0.03149681854438515
8984,0.46400396116864445,0.029022584824182535,0.506973454007173
8985,0.21345274540477285,0.01770419094759301,0.7688430636476341
8986,0.01755011725702253,0.011129935987017074,0.9713199467559605
8987,0.28541427765133404,0.04667221855469176,0.6679135037939744
8988,0.9060064316731787,0.07117963277552875,0.022813935551292585
8989,0.024819369358132743,0.028051110238686585,0.9471295204031808
8990,0.13093743983682293,0.025785153667317064,0.84327740649586
8991,0.028749147109828187,0.008107449744755897,0.9631434031454161
8992,0.13785954269935838,0.18822539330751167,0.6739150639931302
8993,0.023293241445932884,0.009591260938074561,0.9671154976159925
8994,0.9391317188944047,0.027629310562342916,0.033238970543252234
8995,0.38352141753462127,0.033527113327035674,0.5829514691383431
8996,0.042526121035297425,0.024668548767020602,0.9328053301976821
8997,0.9856500413731598,0.00177240772469864,0.012577550902141497
8998,0.8604843721960775,0.0143804935773317,0.12513513422659076
8999,0.946072897561816,0.004601526395675166,0.04932557604250886
9000,0.9506022705434971,0.021102431951401147,0.02829529750510182
9001,0.7442993100014996,0.11479584438686395,0.14090484561163652
9002,0.9568718387100147,0.010742381192292745,0.03238578009769263
9003,0.9274685357375471,0.006815280338044456,0.06571618392440849
9004,0.8866962890704642,0.0434953764819146,0.06980833444762122
9005,0.8062639420972357,0.021028160423686233,0.17270789747907808
9006,0.8626171631675863,0.033749418164879856,0.10363341866753385
9007,0.7868960303557294,0.03604984017064877,0.17705412947362192
9008,0.939507270098355,0.013153933009232524,0.047338796892412334
9009,0.6943987307660299,0.12306128152999449,0.18253998770397573
9010,0.9095682882577627,0.03925842793748782,0.05117328380474948
9011,0.9076551839393765,0.008264286998843986,0.08408052906177954
9012,0.9580305430356267,0.006016949545084497,0.035952507419288904
9013,0.8207780564601269,0.010303476269727344,0.16891846727014573
9014,0.9346083129415323,0.005996185618278924,0.05939550144018877
9015,0.9634949496137079,0.0094584186625537,0.027046631723738574
9016,0.9464621593357672,0.01563016006099645,0.03790768060323638
9017,0.7283077547328757,0.027911387038067604,0.24378085822905665
9018,0.75677916332252,0.13065406673900623,0.11256676993847374
9019,0.7234511004777645,0.007342925084247903,0.2692059744379876
9020,0.08211576860146859,0.008287860712234463,0.909596370686297
9021,0.9392147048838675,0.02732035679505009,0.03346493832108246
9022,0.9697704556371435,0.008238953886255371,0.021990590476601127
9023,0.8222691470216159,0.04271313080828915,0.13501772217009506
9024,0.5887220283071307,0.09841301045903399,0.31286496123383534
9025,0.5992800730325435,0.13149563438119144,0.26922429258626523
9026,0.17812762153442596,0.01517838203829649,0.8066939964272776
9027,0.8585221924443025,0.019428662598096752,0.12204914495760075
9028,0.9046632392822193,0.04727654181509145,0.04806021890268929
9029,0.6071353479469274,0.02013191379355096,0.37273273825952175
9030,0.7486983221887312,0.012910547344238106,0.23839113046703084
9031,0.8262407887523885,0.01535636032949616,0.15840285091811526
9032,0.9499692495702919,0.008418115045633673,0.041612635384074455
9033,0.9619181470485755,0.0028283243426774885,0.035253528608747
9034,0.9788031985087456,0.0034207081101928316,0.017776093381061484
9035,0.6615586944282926,0.00955759411340818,0.32888371145829925
9036,0.35863889242740743,0.010032410851083603,0.631328696721509
9037,0.1066591844872103,0.03486880940973885,0.858472006103051
9038,0.03019825369839115,0.00589016736689851,0.9639115789347104
9039,0.10123007217307155,0.4958454695469028,0.40292445828002565
9040,0.195557191818505,0.18248620924921066,0.6219565989322843
9041,0.4921252821519746,0.007474773095616064,0.5003999447524093
9042,0.4304456886213572,0.011802444820013015,0.55775186655863
9043,0.9813485154551472,0.0036222017444625496,0.015029282800390143
9044,0.1919109141551174,0.039024670121738624,0.769064415723144
9045,0.9734615711113427,0.002354927677991669,0.024183501210665766
9046,0.7688750163978241,0.16591029159244433,0.06521469200973153
9047,0.956473930923457,0.007478486274990187,0.036047582801552784
9048,0.7947716564642608,0.0071711628054736505,0.1980571807302654
9049,0.8494783803643721,0.041550335831185836,0.10897128380444203
9050,0.9681923086532971,0.006287269289022225,0.02552042205768079
9051,0.5258228105713051,0.3672989692510599,0.10687822017763522
9052,0.9293087535262605,0.006899161345451884,0.06379208512828762
9053,0.7554487152585962,0.10493455591817977,0.13961672882322398
9054,0.8180700118371692,0.031688974492661726,0.1502410136701692
9055,0.9626317074898676,0.004154557144816287,0.033213735365316174
9056,0.8648211284887525,0.022758097555384656,0.11242077395586303
9057,0.9707265023571232,0.011289795310521834,0.01798370233235487
9058,0.2056942761973212,0.014690837467963598,0.7796148863347152
9059,0.9021837400011982,0.011752664635262247,0.0860635953635396
9060,0.9617105374801835,0.003750991867668305,0.03453847065214821
9061,0.11187756550946588,0.01003792299107097,0.8780845114994632
9062,0.18569775490564655,0.05268021581499449,0.761622029279359
9063,0.9643315276128926,0.010458402848343722,0.025210069538763657
9064,0.03944867002288926,0.09827521611994762,0.8622761138571632
9065,0.026008733759245103,0.006359387613458982,0.9676318786272959
9066,0.3512175176386754,0.014523154024522348,0.6342593283368024
9067,0.8831070347924223,0.01651730399497084,0.10037566121260696
9068,0.9644512212372093,0.012486217836122587,0.02306256092666806
9069,0.907381647476362,0.0071040480301389035,0.08551430449349914
9070,0.9221255500636782,0.008037997997201209,0.06983645193912068
9071,0.7128588602909867,0.009965638975944388,0.2771755007330691
9072,0.0186473405932674,0.006710771745392321,0.9746418876613403
9073,0.6307419139641927,0.023399222405143392,0.34585886363066415
9074,0.9729587044090907,0.00595556069369675,0.02108573489721247
9075,0.15151572083694706,0.016717416206773302,0.8317668629562797
9076,0.007768514378288097,0.002225708148111608,0.9900057774736003
9077,0.027567641670052396,0.002039201537818025,0.9703931567921297
9078,0.9367152020771464,0.008767952303621996,0.054516845619231695
9079,0.9350037773497921,0.02467989014435486,0.04031633250585302
9080,0.06872862075655022,0.032285162875053154,0.8989862163683967
9081,0.9726791300346921,0.00430620836570473,0.02301466159960316
9082,0.5343286476276119,0.011807335487389147,0.453864016884999
9083,0.015660254675925397,0.005901723653030976,0.9784380216710437
9084,0.7379602097948116,0.03072603025100028,0.2313137599541882
9085,0.6307191616592634,0.21768041330783985,0.15160042503289675
9086,0.9613997318852565,0.0070302094554503605,0.031570058659293236
9087,0.5384189234922953,0.031548146639829196,0.4300329298678756
9088,0.8090414903446116,0.011267498841502507,0.1796910108138859
9089,0.93849524457211,0.034647093322005953,0.026857662105883952
9090,0.6921245285809369,0.043693077748812294,0.26418239367025104
9091,0.9212316434597532,0.00486962506686267,0.07389873147338415
9092,0.27030851350120705,0.01574594502989951,0.7139455414688934
9093,0.8304852611437491,0.015079964200140369,0.15443477465611063
9094,0.8597002936965875,0.014087362800479526,0.1262123435029331
9095,0.03161640472601794,0.0212931389849555,0.9470904562890267
9096,0.8442167509239963,0.06092725849719648,0.09485599057880725
9097,0.6628805092657193,0.008569540885499716,0.3285499498487811
9098,0.009334153525300872,0.003289911830155637,0.9873759346445435
9099,0.14754811141346988,0.5374381615200386,0.31501372706649156
9100,0.06322359230487722,0.010977382032982262,0.9257990256621406
9101,0.009815451700450614,0.004157764510470929,0.9860267837890785
9102,0.28701927823511125,0.01010439268016798,0.7028763290847209
9103,0.9008972395540688,0.005859498875553699,0.09324326157037759
9104,0.809286514670343,0.11626917646700492,0.07444430886265226
9105,0.7976527302983295,0.06791057973262356,0.13443668996904695
9106,0.9715614880167026,0.002966111432734668,0.025472400550562685
9107,0.2572165154895018,0.021862976319196852,0.7209205081913014
9108,0.7998571007418783,0.04196881165503328,0.15817408760308851
9109,0.7179253316481996,0.02752156615660756,0.2545531021951929
9110,0.14958337461948273,0.034445833820923755,0.8159707915595936
9111,0.936946960820337,0.00703647627843964,0.056016562901223456
9112,0.8909608587731876,0.00488347119979406,0.10415567002701831
9113,0.8975532534638783,0.004439912690872706,0.09800683384524896
9114,0.46551499694153853,0.008027753873336823,0.5264572491851246
9115,0.8628025166305102,0.013479637851871168,0.12371784551761858
9116,0.975771338351872,0.0025125195615568027,0.021716142086571223
9117,0.11223136910463434,0.3455787009055868,0.5421899299897789
9118,0.9768458559176086,0.005984461659284935,0.017169682423106476
9119,0.2350274403186637,0.05868902689764018,0.7062835327836962
9120,0.9098342069724826,0.011396857061101875,0.07876893596641543
9121,0.022924500727780614,0.005148596613718237,0.971926902658501
9122,0.3436727354595159,0.11493811153673683,0.5413891530037475
9123,0.9502942287429594,0.007907194798679943,0.04179857645836072
9124,0.6306876865622459,0.022661973132327574,0.3466503403054266
9125,0.17172443101420537,0.0184890590636393,0.8097865099221553
9126,0.3359275334187071,0.006633464228659313,0.6574390023526335
9127,0.9510213903563667,0.026751871992357856,0.022226737651275485
9128,0.7648101828940596,0.005926670264409272,0.22926314684153112
9129,0.6218344517551136,0.03074850363067935,0.3474170446142069
9130,0.8666594177661283,0.02773611803029789,0.10560446420357375
9131,0.25652206699372976,0.016190078902020285,0.72728785410425
9132,0.06058908369617957,0.05683746531631805,0.8825734509875024
9133,0.11539890127863284,0.015169632305337634,0.8694314664160295
9134,0.9693001092597061,0.003068033602979379,0.027631857137314416
9135,0.973268572017408,0.003268378972992834,0.023463049009599158
9136,0.9558437712104492,0.009265802232764393,0.03489042655678632
9137,0.9122559158018807,0.013408836018658355,0.07433524817946106
9138,0.9664117120365344,0.008359512933658426,0.025228775029807183
9139,0.9068962893601812,0.01625784663864304,0.0768458640011757
9140,0.6471471512110374,0.12240268258139346,0.23045016620756917
9141,0.1221690261284532,0.01960494874904195,0.8582260251225048
9142,0.944345755687544,0.0045580205883217545,0.05109622372413424
9143,0.9722773294962402,0.006608651709168501,0.0211140187945912
9144,0.9526936689547055,0.022597634273382818,0.024708696771911714
9145,0.040457655302851774,0.03583146949654685,0.9237108752006015
9146,0.9790125544654754,0.005353027553667191,0.015634417980857417
9147,0.9757061020883014,0.0051331809821719065,0.01916071692952667
9148,0.9574309751406519,0.008833057159714048,0.033735967699634176
9149,0.978140743537787,0.0050083869804979754,0.01685086948171502
9150,0.9284360270428713,0.017183010281421118,0.054380962675707516
9151,0.7348345678505955,0.04382791641007546,0.22133751573932905
9152,0.0631510233490082,0.02534648229923787,0.9115024943517539
9153,0.9670261019672238,0.003359144327958708,0.02961475370481727
9154,0.7889845047273125,0.03617142758395057,0.17484406768873695
9155,0.9106539458135469,0.005305507805026964,0.08404054638142626
9156,0.8428513757456828,0.05597758496221109,0.10117103929210614
9157,0.7670960136136886,0.004082851881947181,0.22882113450436423
9158,0.979746056036113,0.002883701401920372,0.01737024256196656
9159,0.9364314072550807,0.04316927655115362,0.020399316193765907
9160,0.5452676730086896,0.04433436100026355,0.4103979659910469
9161,0.8578775095335706,0.018283240679060054,0.12383924978736931
9162,0.11535609615827008,0.008595925818096551,0.8760479780236333
9163,0.18103713889966735,0.025774594977878453,0.7931882661224543
9164,0.07198857050709491,0.033174943846282876,0.8948364856466223
9165,0.04608731505917581,0.022499407716513983,0.9314132772243103
9166,0.95026931166293,0.006897437025838445,0.04283325131123166
9167,0.9381942766994217,0.007666501442295054,0.054139221858283244
9168,0.46422952262938405,0.021674160840189888,0.5140963165304261
9169,0.9850147326737804,0.004140657932943094,0.010844609393276484
9170,0.6591951013299318,0.1435684255933424,0.197236473076726
9171,0.03352716634860606,0.03399160210749321,0.9324812315439007
9172,0.9655667867494778,0.0027661091820332735,0.03166710406848887
9173,0.56548205701141,0.0131393974690696,0.42137854551952036
9174,0.8348496739186103,0.012628407860063468,0.1525219182213263
9175,0.922034742359275,0.0051577121176574195,0.07280754552306759
9176,0.8702718780932349,0.06218741834032739,0.06754070356643779
9177,0.9666791831452257,0.005209119852799382,0.028111697001975036
9178,0.06694103696346627,0.01245903387405319,0.9205999291624806
9179,0.9025740800918732,0.0066978344217158686,0.09072808548641077
9180,0.07961933540448869,0.004411970361962006,0.9159686942335493
9181,0.921435382431626,0.037910163660898395,0.040654453907475636
9182,0.03214018596060315,0.002678169552763833,0.9651816444866331
9183,0.8569829336515181,0.009692932803407347,0.13332413354507458
9184,0.3771979005298017,0.01417488236086232,0.608627217109336
9185,0.6343034411917648,0.15200624337345306,0.213690315434782
9186,0.16409061407240152,0.02262393261073353,0.8132854533168651
9187,0.7772635346678891,0.11686635194178017,0.10587011339033076
9188,0.9685944485018577,0.004500049471542395,0.026905502026600053
9189,0.4538961471146379,0.1523433465361684,0.39376050634919385
9190,0.9690470194293975,0.011475218396944849,0.019477762173657768
9191,0.9082266460115217,0.009812520006414234,0.08196083398206407
9192,0.9229187020165305,0.009849308677646185,0.06723198930582341
9193,0.044275498556655545,0.13381304993074805,0.8219114515125965
9194,0.9605483365394952,0.023728385260188917,0.01572327820031592
9195,0.7171420717847757,0.041899488097100084,0.2409584401181242
9196,0.9669128258366245,0.005385051548445878,0.027702122614929686
9197,0.7566125054670131,0.1580442616508477,0.08534323288213928
9198,0.031478625842373285,0.012642365135395755,0.955879009022231
9199,0.13537363154938523,0.04387702648385617,0.8207493419667587
9200,0.8773448563365018,0.050897342533222215,0.07175780113027604
9201,0.20363077139745203,0.037817704108056904,0.7585515244944911
9202,0.12802708755221517,0.01478993399459254,0.8571829784531925
9203,0.8970777993639284,0.004512957897403116,0.0984092427386686
9204,0.5855795555711093,0.09128851285338734,0.32313193157550346
9205,0.9756371474323472,0.008114316094716467,0.016248536472936375
9206,0.2979592860586282,0.33731622731009087,0.36472448663128104
9207,0.9315503246832871,0.019642406267694153,0.04880726904901877
9208,0.038010840871283286,0.030817030526179626,0.9311721286025371
9209,0.9001029832084347,0.013232629728807456,0.08666438706275792
9210,0.021081500657802194,0.007376401656763901,0.9715420976854339
9211,0.5916025082767055,0.022934087659447735,0.3854634040638469
9212,0.4257608961514641,0.01575510307222255,0.5584840007763133
9213,0.9327691358725515,0.023047757998070358,0.04418310612937828
9214,0.3113010552613609,0.06920476334370156,0.6194941813949376
9215,0.9361340479662439,0.021590628604065718,0.042275323429690356
9216,0.9384438996437883,0.021426535352077104,0.040129565004134476
9217,0.9573761115188871,0.003855421150981516,0.03876846733013123
9218,0.23035189236962267,0.03327469881128226,0.7363734088190951
9219,0.9352340143822496,0.010557064192367738,0.054208921425382584
9220,0.810997739492103,0.02601043494147528,0.16299182556642175
9221,0.7661626007998641,0.0889650487351297,0.14487235046500627
9222,0.870945476698479,0.03350116171922785,0.0955533615822933
9223,0.0475162424327871,0.010263181294637257,0.9422205762725756
9224,0.9178172256951587,0.009813097164185264,0.07236967714065605
9225,0.00898142888519542,0.002818656581782602,0.9881999145330219
9226,0.9817056552253146,0.0025535101957252664,0.01574083457896017
9227,0.3280090399557006,0.10987852020423357,0.562112439840066
9228,0.08826464964688824,0.009369210022048465,0.9023661403310633
9229,0.8717527142707534,0.08806344444909231,0.040183841280154294
9230,0.022639541693285376,0.008066825358987275,0.9692936329477274
9231,0.9541610952668202,0.011598844300739156,0.03424006043244073
9232,0.022973975894690753,0.006587148570695579,0.9704388755346136
9233,0.877267183645411,0.012885712045303022,0.10984710430928611
9234,0.9498199696994994,0.018580447093698906,0.0315995832068017
9235,0.6553488440626258,0.008706456778741637,0.3359446991586326
9236,0.8633912717173826,0.07647188618516382,0.0601368420974537
9237,0.5563345810305605,0.11525526189768524,0.3284101570717543
9238,0.02181923393607229,0.012906873007340532,0.9652738930565872
9239,0.948680085898954,0.004386777723805034,0.04693313637724097
9240,0.011671809527457002,0.018614615617897075,0.9697135748546458
9241,0.3667820981806525,0.014817017263576785,0.6184008845557708
9242,0.8278142549196346,0.007298580797925767,0.1648871642824398
9243,0.7392563167771706,0.021613309337851844,0.2391303738849774
9244,0.02909500896142358,0.005433765866387587,0.9654712251721888
9245,0.9654009247824201,0.017300919603671097,0.017298155613908735
9246,0.24622181973388066,0.012789362861392053,0.7409888174047273
9247,0.9528018277521545,0.02502390565818813,0.02217426658965742
9248,0.9231701828627524,0.021598647842941358,0.055231169294306263
9249,0.34477002514553795,0.15039045538809645,0.5048395194663656
9250,0.9442926775687582,0.004061390230509475,0.05164593220073232
9251,0.9734510458537146,0.0064034086011027285,0.02014554554518264
9252,0.80295099793484,0.04212362130470614,0.15492538076045403
9253,0.019139363030020458,0.015053187813512297,0.9658074491564673
9254,0.9440761552040121,0.03087043708545668,0.025053407710531352
9255,0.023781945768335925,0.0045646037374410765,0.971653450494223
9256,0.9362091249989741,0.004874651884274221,0.058916223116751716
9257,0.9630019694075158,0.008131722732388344,0.028866307860096016
9258,0.7604825866125285,0.011195321873680069,0.22832209151379143
9259,0.6668593971163844,0.10922630108615912,0.22391430179745644
9260,0.9489782176184647,0.0038236486739691507,0.047198133707566065
9261,0.024515632390593286,0.0022063736433760306,0.9732779939660307
9262,0.9233885029617662,0.004217859209910934,0.07239363782832285
9263,0.9753642981215199,0.0021603114435458093,0.02247539043493429
9264,0.28739187310974607,0.005483063896063635,0.7071250629941904
9265,0.9339262934657482,0.010169224274231607,0.05590448226002026
9266,0.9690847155791141,0.004141704480474541,0.02677357994041127
9267,0.9824454718392871,0.0030694400784279864,0.014485088082284808
9268,0.8429803865476747,0.023697379547905784,0.13332223390441958
9269,0.9009387371743995,0.021648578031688584,0.07741268479391196
9270,0.5297475921053765,0.014165668105269438,0.45608673978935427
9271,0.008758796690628038,0.01846354341896473,0.9727776598904072
9272,0.9137206531769061,0.007117543962228086,0.07916180286086592
9273,0.9708281865502766,0.020583299025499432,0.008588514424224071
9274,0.9616004103586436,0.004104258227176629,0.03429533141417983
9275,0.27152521912280186,0.33835096769551226,0.39012381318168593
9276,0.966948378395796,0.014691591065050575,0.018360030539153457
9277,0.9780081791990768,0.004753675572247468,0.017238145228675766
9278,0.03544569490511524,0.035963354300094647,0.9285909507947901
9279,0.5007960711930206,0.014964836067565832,0.4842390927394136
9280,0.36775883206495735,0.03319120311932163,0.5990499648157211
9281,0.8887648945940848,0.006639947145757704,0.10459515826015747
9282,0.7330124074878218,0.03603494819532362,0.2309526443168547
9283,0.9680499195301674,0.004316881859599101,0.02763319861023344
9284,0.899944134775076,0.02847484914780751,0.07158101607711662
9285,0.9297176223366882,0.0045344107470978,0.06574796691621414
9286,0.2909957859259668,0.027188106489997105,0.681816107584036
9287,0.9252736146937071,0.03366117332751275,0.041065211978780235
9288,0.6851907032155159,0.05888933895712529,0.25591995782735893
9289,0.28861351707942556,0.06587864516866625,0.6455078377519082
9290,0.5128421727685383,0.04232201141150963,0.44483581581995213
9291,0.9663133775960259,0.007551399339667069,0.026135223064307173
9292,0.5578606673950715,0.06224087903601671,0.37989845356891194
9293,0.8113532020286992,0.0950073859525676,0.09363941201873328
9294,0.9625348812149912,0.010953005143191663,0.026512113641817162
9295,0.8772637897167728,0.057895899409768005,0.06484031087345936
9296,0.48851527232270836,0.10822751938056256,0.4032572082967292
9297,0.7475253808821252,0.01036264942159122,0.24211196969628365
9298,0.22827758831325154,0.07091062886297336,0.7008117828237751
9299,0.8424767065674598,0.003440433696780674,0.1540828597357596
9300,0.5461878863550919,0.030519144222587852,0.42329296942232036
9301,0.768348635381523,0.14205242290577125,0.08959894171270569
9302,0.8245146428548125,0.034584025433039796,0.1409013317121479
9303,0.9214199812519397,0.0147934757179178,0.06378654303014246
9304,0.9700186073586466,0.0020365283999010885,0.027944864241452306
9305,0.8692631897511237,0.033775358733396744,0.0969614515154796
9306,0.20668860314100737,0.010906744532992613,0.7824046523260001
9307,0.022381628546862698,0.007530007216117918,0.9700883642370194
9308,0.5689918112756712,0.116390332594812,0.3146178561295168
9309,0.9630709021788358,0.015234451493379665,0.02169464632778448
9310,0.9796848337705819,0.004155269956988864,0.016159896272429183
9311,0.8526120961193122,0.018080437118210297,0.12930746676247756
9312,0.5102918406722987,0.12537579784870564,0.3643323614789958
9313,0.944404390791071,0.00760569972945624,0.04798990947947284
9314,0.006544862363247311,0.002303600147842156,0.9911515374889106
9315,0.45791695073759725,0.014622092463353196,0.5274609567990495
9316,0.063591626175835,0.010635242506154887,0.9257731313180101
9317,0.7485012362238863,0.17576759344719375,0.07573117032891996
9318,0.15692269934380654,0.010534155081944397,0.8325431455742491
9319,0.9306180555628728,0.035315013692151336,0.034066930744975736
9320,0.9585571794023372,0.019261294075855997,0.022181526521806837
9321,0.8613260563171105,0.017459990755968838,0.12121395292692082
9322,0.7071727878895274,0.007019042941875137,0.28580816916859764
9323,0.9168559632892604,0.009011471789748446,0.07413256492099114
9324,0.14073245942063928,0.02939072748107478,0.8298768130982859
9325,0.6781261221210081,0.005073236475757665,0.3168006414032344
9326,0.03545395172399909,0.002915954182045238,0.9616300940939556
9327,0.8759272780883496,0.02698824964405976,0.09708447226759069
9328,0.9798402455926319,0.0024332877229918115,0.017726466684376378
9329,0.13537994986138452,0.06146217819873718,0.8031578719398783
9330,0.877939574378323,0.008701392027608178,0.11335903359406876
9331,0.34931000136092705,0.07575938033006231,0.5749306183090106
9332,0.6841626032820166,0.015594238432137237,0.3002431582858462
9333,0.8874594070944514,0.017127314019398526,0.0954132788861502
9334,0.8390084989087387,0.011512690732521919,0.1494788103587393
9335,0.9534685773513197,0.01787185308287363,0.028659569565806592
9336,0.031011059551935546,0.028141044351913416,0.9408478960961512
9337,0.28797868409642485,0.045723363943235666,0.6662979519603395
9338,0.4822518532790708,0.11128356669862659,0.40646458002230273
9339,0.8784166805010477,0.015856868291347057,0.10572645120760528
9340,0.010002490379308863,0.0032106740126166392,0.9867868356080746
9341,0.9844271746609708,0.003920015241595133,0.011652810097434163
9342,0.9435114559617913,0.00980973561322269,0.046678808424985944
9343,0.27188134771108774,0.023546843682776996,0.7045718086061353
9344,0.8063348485783245,0.06770923420372958,0.12595591721794605
9345,0.1274366366416923,0.05263494995299689,0.8199284134053108
9346,0.7666395792373789,0.008967629905241569,0.22439279085737954
9347,0.9575915775235478,0.0053847439458187115,0.037023678530633417
9348,0.006446619951987469,0.0035363346500423306,0.9900170453979702
9349,0.13357198254199776,0.01998602642038863,0.8464419910376136
9350,0.9060723418501494,0.015530103395988449,0.07839755475386213
9351,0.2754038306432333,0.1501826170425962,0.5744135523141705
9352,0.970791334813869,0.0047552962169207244,0.02445336896921026
9353,0.5308449211841958,0.21353950043290448,0.2556155783828998
9354,0.9477154835384681,0.0034824438202175094,0.0488020726413145
9355,0.05533174480674535,0.011683503100857159,0.9329847520923975
9356,0.9245519361174432,0.01191999237925945,0.06352807150329748
9357,0.7490607197620881,0.026843722227133517,0.2240955580107785
9358,0.0253163521472736,0.003365588653548585,0.9713180591991778
9359,0.9731234640617293,0.0044917882013858716,0.022384747736884876
9360,0.9468316651196825,0.018241475073011413,0.03492685980730605
9361,0.41638930681585723,0.026964627450781244,0.5566460657333616
9362,0.3422410288055667,0.006850248694379946,0.6509087225000535
9363,0.5170651166554395,0.2291811424817725,0.25375374086278807
9364,0.8310105224146314,0.011725452806971444,0.15726402477839727
9365,0.9509106234456246,0.01918310283956755,0.02990627371480777
9366,0.020401697366601666,0.004950992051191033,0.9746473105822073
9367,0.9151069404498674,0.010424127910208497,0.07446893163992431
9368,0.028670836998400506,0.0051218450610485645,0.9662073179405509
9369,0.8132765481757469,0.036432233647638625,0.15029121817661448
9370,0.901785634567246,0.03309367732310146,0.06512068810965253
9371,0.9226702211271419,0.0398202720154006,0.03750950685745762
9372,0.8284539596360792,0.009802058507795053,0.16174398185612582
9373,0.6929053985766358,0.005586030231071059,0.30150857119229324
9374,0.8313379075797123,0.008400919721562447,0.1602611726987253
9375,0.4654974295861047,0.02450490458175863,0.5099976658321367
9376,0.10794923720027634,0.027119955677918455,0.8649308071218051
9377,0.9196509544775122,0.02329640850957768,0.057052637012910155
9378,0.9469227651749832,0.021603506107151,0.031473728717865836
9379,0.05585964123487668,0.01829557944456967,0.9258447793205536
9380,0.16246250646513394,0.008706937735161822,0.8288305557997043
9381,0.09160324388000018,0.28171458280515543,0.6266821733148444
9382,0.012846889454523622,0.0051662482192340485,0.9819868623262423
9383,0.8515965136011662,0.029891737324042638,0.11851174907479124
9384,0.6355891393643013,0.16678742836871782,0.19762343226698106
9385,0.9540593163223421,0.01645435215848212,0.029486331519175884
9386,0.11926353926099069,0.11848204251003976,0.7622544182289696
9387,0.2882499818701866,0.6306939313536176,0.08105608677619584
9388,0.8699771928681401,0.05175573261906701,0.07826707451279295
9389,0.9690381065298729,0.0020428084542919106,0.028919085015835354
9390,0.9374875755603032,0.005208751715495196,0.05730367272420166
9391,0.9746964984357617,0.005720094910058581,0.019583406654179746
9392,0.5471120756287097,0.010935083132687871,0.44195284123860257
9393,0.8856577581816873,0.05736343054236904,0.05697881127594357
9394,0.6063908797817028,0.03870359253471891,0.35490552768357836
9395,0.9328165041316834,0.022329442933286762,0.04485405293502997
9396,0.16212336309185002,0.009974000610258988,0.8279026362978911
9397,0.8175248559568046,0.021833954552723012,0.16064118949047249
9398,0.9628602950353017,0.003292129366142068,0.03384757559855627
9399,0.3736596053826738,0.08418376895203798,0.5421566256652883
9400,0.9139776526611579,0.017820155142936226,0.06820219219590574
9401,0.08576792739403964,0.022943702720308278,0.8912883698856521
9402,0.7725529652754597,0.013813817514717533,0.21363321720982278
9403,0.9245743235617875,0.03289987557474209,0.0425258008634705
9404,0.41796079993569163,0.02225535793452668,0.5597838421297818
9405,0.9254943874205249,0.006687184668867474,0.06781842791060756
9406,0.9748380749502029,0.011150621320252787,0.014011303729544431
9407,0.13904280740616434,0.009046868551380172,0.8519103240424554
9408,0.9736535304379358,0.005317829919811479,0.02102863964225256
9409,0.51688011108011,0.031547758720304485,0.45157213019958564
9410,0.45793094608532553,0.01436147362350434,0.5277075802911703
9411,0.9126868237803327,0.006350746932648436,0.08096242928701884
9412,0.21206991259846455,0.018416922848366126,0.7695131645531693
9413,0.3140302230303967,0.06153879052908944,0.6244309864405139
9414,0.13764945058099523,0.37883906335608847,0.48351148606291644
9415,0.9462832746823945,0.025219451197229358,0.028497274120376132
9416,0.9507765242838374,0.0036640650319682616,0.04555941068419444
9417,0.10623400743173216,0.007991058214275655,0.8857749343539921
9418,0.3459055731261744,0.004634836014873587,0.6494595908589521
9419,0.005280233406381299,0.0033730486815975514,0.9913467179120212
9420,0.9594007506159744,0.017090301647520643,0.02350894773650503
9421,0.9881762557834448,0.0017404490567152222,0.01008329515984011
9422,0.9722230839027387,0.0112478961305781,0.016529019966683274
9423,0.94365775072141,0.034609488491957816,0.02173276078663221
9424,0.016425491783565237,0.003974553340402898,0.9795999548760318
9425,0.9169688268581538,0.009883359033454915,0.0731478141083913
9426,0.7808140912502199,0.06184985776424943,0.15733605098553063
9427,0.944427310539775,0.004947061631835634,0.050625627828389405
9428,0.07982260422204521,0.7912037166530029,0.12897367912495186
9429,0.2850359855296524,0.019302582545016066,0.6956614319253315
9430,0.9643511757344392,0.004153213374691542,0.03149561089086938
9431,0.9310046511831235,0.015909189714392365,0.05308615910248413
9432,0.9255900229214958,0.009488707533918265,0.06492126954458581
9433,0.024124874321513796,0.008169005542094489,0.9677061201363917
9434,0.8962276528835328,0.006298341867401235,0.09747400524906594
9435,0.5448002647845431,0.05060705133769549,0.40459268387776137
9436,0.7831184641726882,0.08035262306189991,0.13652891276541193
9437,0.31505523952329356,0.02159170699841913,0.6633530534782873
9438,0.7148215787114841,0.008756131616219737,0.27642228967229626
9439,0.18336255721289588,0.01946073590750705,0.7971767068795971
9440,0.006519634747002694,0.004173239963411779,0.9893071252895855
9441,0.790801940305708,0.008472752845928222,0.20072530684836387
9442,0.9009467669757673,0.015130838165353775,0.08392239485887901
9443,0.9244416552198446,0.008754806399099464,0.06680353838105589
9444,0.007865372304048308,0.002135498680942247,0.9899991290150095
9445,0.34280969476781564,0.028266411957066296,0.6289238932751181
9446,0.484250444827237,0.01886481372018224,0.4968847414525807
9447,0.9284360270428713,0.017183010281421118,0.054380962675707516
9448,0.2554208702441942,0.030953897248822755,0.7136252325069831
9449,0.47957758024509234,0.335480795450434,0.18494162430447378
9450,0.17641518764272143,0.012150237778814924,0.8114345745784636
9451,0.427472563591463,0.16455800615392424,0.40796943025461285
9452,0.9347573789290818,0.012699515000999,0.052543106069919264
9453,0.9568586378190703,0.015695803332786862,0.027445558848142804
9454,0.9027623930983554,0.008413568383351618,0.08882403851829311
9455,0.46187046514621455,0.015476077539095875,0.5226534573146896
9456,0.9615824273148637,0.00604016611169278,0.03237740657344364
9457,0.9508157523117919,0.01520853702755113,0.03397571066065696
9458,0.8616679182317862,0.023581066457256456,0.11475101531095754
9459,0.04769111611752396,0.006097608881130769,0.9462112750013454
9460,0.9504362352670858,0.016927928810691502,0.03263583592222279
9461,0.9293969410652495,0.006010205265485069,0.06459285366926545
9462,0.9626152418332011,0.009497284970809058,0.027887473195989613
9463,0.8985174787325844,0.02798659695605946,0.0734959243113562
9464,0.8955929581193492,0.005505448988755026,0.0989015928918957
9465,0.8161533822436736,0.02717840554854911,0.15666821220777713
9466,0.9748999780336752,0.0026733350852279473,0.022426686881097026
9467,0.0177630793724002,0.0031260664698382163,0.9791108541577617
9468,0.022307676678368228,0.004073444700264797,0.973618878621367
9469,0.7331359564230179,0.007777551160291231,0.25908649241669096
9470,0.007148600028182344,0.011431276103787002,0.9814201238680308
9471,0.025167055931480952,0.0030121068106329133,0.9718208372578861
9472,0.5419137049105406,0.03456210211069664,0.4235241929787628
9473,0.28348695302667737,0.1347156871482775,0.5817973598250452
9474,0.03240368687450484,0.0248203460696562,0.9427759670558391
9475,0.3692777882506176,0.02517983347456018,0.6055423782748223
9476,0.94986799299989,0.0050631087314309655,0.045068898268679075
9477,0.13567595453781764,0.6211423430916735,0.24318170237050893
9478,0.8837720058567592,0.006952482015861484,0.10927551212737932
9479,0.31788929413523165,0.1296297431174885,0.5524809627472799
9480,0.2555461476240283,0.2774567659621036,0.46699708641386806
9481,0.8487758264415807,0.011983513072080022,0.1392406604863394
9482,0.721024501266367,0.020334231111907807,0.25864126762172546
9483,0.6321403387371471,0.02279685515217845,0.34506280611067447
9484,0.8685494273450111,0.01484571960689817,0.1166048530480908
9485,0.6927463783989574,0.05244785253057766,0.25480576907046504
9486,0.6181114315185084,0.03112185465907313,0.3507667138224184
9487,0.9443858216061105,0.004317334192546014,0.05129684420134336
9488,0.8726313736101937,0.008230394086126346,0.11913823230367997
9489,0.822132842882131,0.00496848011481922,0.17289867700304992
9490,0.9580220861508679,0.013566482257696452,0.028411431591435724
9491,0.9122093181119556,0.00799663470303529,0.07979404718500904
9492,0.9565355608666347,0.00691454814241653,0.03654989099094883
9493,0.8442674954995507,0.05298420766104462,0.10274829683940484
9494,0.6322385349142897,0.011423691013997516,0.3563377740717129
9495,0.8294204698928681,0.008555947196636193,0.16202358291049582
9496,0.9277510063271293,0.012882472504124224,0.05936652116874654
9497,0.774560536460293,0.018220152035474693,0.20721931150423245
9498,0.7260817029841743,0.04802927661388736,0.22588902040193828
9499,0.030949248219256032,0.012204421844124114,0.9568463299366198
9500,0.9369712795369463,0.012132243685472997,0.05089647677758077
9501,0.4417727573304709,0.011336368669985839,0.5468908739995433
9502,0.8428180675431459,0.018041022545644655,0.13914090991120934
9503,0.9089909103136468,0.016683910954569076,0.07432517873178425
9504,0.9681213896642838,0.011836289342480868,0.020042320993235215
9505,0.7404063961351752,0.018429211657717163,0.24116439220710773
9506,0.008145647204513365,0.0028503834379461418,0.9890039693575405
9507,0.7853722942200136,0.03301773572411731,0.18160997005586918
9508,0.055920052037700084,0.007892761544658676,0.9361871864176413
9509,0.9807169204202288,0.003445186267298742,0.01583789331247245
9510,0.03814633418289264,0.016477356464948485,0.9453763093521589
9511,0.01567232466389806,0.0031608475231778453,0.9811668278129241
9512,0.919892300747859,0.0054259311320598745,0.07468176812008111
9513,0.8226157440243136,0.014355694219021657,0.16302856175666477
9514,0.08369993076294388,0.2975168439060042,0.6187832253310521
9515,0.9276359527251591,0.008858483057432658,0.06350556421740829
9516,0.9467156171781954,0.010443108015599908,0.04284127480620466
9517,0.028275556488530904,0.025282902096104922,0.9464415414153642
9518,0.931410900122154,0.013014894292098239,0.05557420558574772
9519,0.9245520464847611,0.0031688911730270376,0.07227906234221194
9520,0.9349644458509204,0.011274408319497317,0.05376114582958242
9521,0.8747359567738063,0.05963739969866585,0.0656266435275278
9522,0.965568203776442,0.0024946051637567556,0.031937191059801216
9523,0.9632420382545451,0.021575557826991155,0.01518240391846354
9524,0.1908906810249241,0.08892375693473757,0.7201855620403385
9525,0.010316428934673058,0.0031585460445604546,0.9865250250207663
9526,0.8561304011596359,0.046991397362852294,0.09687820147751182
9527,0.9384572956810271,0.018884091963485252,0.042658612355487756
9528,0.005026238994142667,0.0035782635977254624,0.9913954974081319
9529,0.930322479459835,0.012100088207972424,0.05757743233219265
9530,0.98413114868222,0.004945509442340858,0.010923341875439172
9531,0.7904214593260045,0.13687537540070704,0.07270316527328859
9532,0.748810337054988,0.18838070402651727,0.06280895891849479
9533,0.9142205912386692,0.003422684149394928,0.08235672461193584
9534,0.02003420762134397,0.003939881459407062,0.976025910919249
9535,0.6544580564263026,0.2505451034849869,0.09499684008871054
9536,0.7392580403935771,0.007026907001606607,0.2537150526048164
9537,0.9579976763904489,0.0066854351673192895,0.035316888442231846
9538,0.2836464364974617,0.47478918842254914,0.24156437507998915
9539,0.937472554712295,0.003840215653625322,0.058687229634079796
9540,0.6387265958390732,0.029573670778434962,0.3316997333824918
9541,0.8103257329817944,0.01577678779550514,0.17389747922270046
9542,0.9110937896903525,0.004410020021256418,0.08449619028839114
9543,0.9681582424314162,0.01031223690429714,0.021529520664286723
9544,0.9524639533035157,0.007040461347217583,0.040495585349266665
9545,0.7482058486785828,0.02465654955145334,0.22713760176996406
9546,0.817536562052657,0.005793100110148171,0.17667033783719474
9547,0.4584128978406601,0.3994373464293612,0.1421497557299787
9548,0.9448369944152452,0.010851907576047327,0.044311098008707424
9549,0.9139184940070422,0.0240137975307486,0.062067708462209215
9550,0.6586560416052277,0.05582957790051311,0.2855143804942593
9551,0.8545065281179225,0.01760499733057364,0.12788847455150412
9552,0.11102251299516916,0.007891046984234823,0.881086440020596
9553,0.017457646006073083,0.006607538158975564,0.9759348158349513
9554,0.6018826961018882,0.007675347356422405,0.3904419565416895
9555,0.00929919137230589,0.004693781445243344,0.9860070271824507
9556,0.06724982724060667,0.02589443929718371,0.9068557334622096
9557,0.9021616252693464,0.044234148181693946,0.05360422654895962
9558,0.8469298658562942,0.007694020537279828,0.14537611360642605
9559,0.8628632689520019,0.009678340774747612,0.12745839027325054
9560,0.8102514565966238,0.01570654856569144,0.1740419948376847
9561,0.02602637191671726,0.02450320154035694,0.9494704265429258
9562,0.9260966939408611,0.03162971750966279,0.04227358854947596
9563,0.14536727316772213,0.04554417100274939,0.8090885558295285
9564,0.14583303647853804,0.06103171381393808,0.793135249707524
9565,0.4132243268071019,0.030267459408630546,0.5565082137842676
9566,0.40699820453504615,0.03582264165081269,0.5571791538141412
9567,0.9412641045949861,0.01451160492184572,0.04422429048316815
9568,0.8604394918227359,0.008669933993522961,0.13089057418374103
9569,0.13759795470637431,0.008642544950615082,0.8537595003430106
9570,0.09217803355870381,0.012884379358438546,0.8949375870828578
9571,0.3371431464260642,0.19214165808551226,0.4707151954884235
9572,0.07637487829377257,0.02439163562598427,0.8992334860802432
9573,0.18510765337277094,0.0027798250550802074,0.812112521572149
9574,0.8899465747637044,0.02336457076084134,0.08668885447545426
9575,0.9425601596386778,0.006704077782082987,0.05073576257923946
9576,0.9654929939358541,0.0055099437247008365,0.028997062339445087
9577,0.4046952635000835,0.007987217525700264,0.5873175189742162
9578,0.08203613749024896,0.024761387978646528,0.8932024745311045
9579,0.8672541944494015,0.01705549403176823,0.11569031151883012
9580,0.9665331852462258,0.01023472477869685,0.023232089975077534
9581,0.05744721121213122,0.020600067854586183,0.9219527209332826
9582,0.9169073834015389,0.013827099472251652,0.06926551712620961
9583,0.36770386266168237,0.4095598718067382,0.22273626553157946
9584,0.36937148102029355,0.02333682016116032,0.6072916988185463
9585,0.670038186649596,0.031283058150667474,0.2986787551997366
9586,0.9678441361964295,0.010761179350550413,0.021394684453020136
9587,0.8811416683197983,0.035618092808316196,0.08324023887188557
9588,0.8390081277702375,0.008513199444300016,0.15247867278546262
9589,0.7172834352684486,0.04659793290282707,0.23611863182872436
9590,0.8934183059145514,0.009542507341165662,0.09703918674428316
9591,0.4034092845083041,0.011592366451726085,0.5849983490399698
9592,0.4345734940817651,0.02732712779275057,0.5380993781254843
9593,0.8841131942471878,0.006378376506287424,0.10950842924652475
9594,0.9467867021433738,0.00954981218644037,0.04366348567018578
9595,0.9689130442893729,0.008825240039813225,0.022261715670814006
9596,0.7244353046945938,0.005823607284639293,0.26974108802076685
9597,0.9699525033099172,0.007569190276137069,0.022478306413945673
9598,0.9636462303200928,0.005640499858170713,0.030713269821736555
9599,0.34940619915234444,0.2589767531365563,0.39161704771109923
9600,0.916028201947145,0.010174972177878232,0.07379682587497693
9601,0.5699738233831554,0.11235723687886047,0.3176689397379843
9602,0.4898518368958254,0.047942603020924145,0.46220556008325053
9603,0.10968280722121913,0.0790571681234657,0.8112600246553151
9604,0.06957356822933747,0.0050034834323612895,0.9254229483383013
9605,0.7405782820456684,0.16717129410677867,0.09225042384755297
9606,0.8947544360747769,0.016712563283123996,0.08853300064209917
9607,0.5293060095696861,0.04292928551542655,0.4277647049148874
9608,0.40108642267616673,0.17259386089164355,0.4263197164321898
9609,0.8735187152023761,0.016663637574391994,0.10981764722323192
9610,0.023555898536500735,0.00426634490596087,0.9721777565575384
9611,0.9821709933060719,0.004200019485927318,0.013628987208000766
9612,0.2397533501924776,0.011178705050752013,0.7490679447567705
9613,0.3359742995971387,0.015340084797814018,0.6486856156050472
9614,0.01658400563828328,0.0067423506684329585,0.9766736436932838
9615,0.19254183929721036,0.00588764931892483,0.8015705113838648
9616,0.7348980923606435,0.04866186372467964,0.21644004391467667
9617,0.9556854927965788,0.0032886903278611496,0.04102581687556016
9618,0.031147443448795435,0.01921619908464223,0.9496363574665624
9619,0.050329328551525464,0.008322986160910966,0.9413476852875636
9620,0.9802535046634244,0.0064932930018650565,0.013253202334710413
9621,0.08578650995719314,0.7781790754691372,0.13603441457366966
9622,0.3906037422261373,0.048426096346681324,0.5609701614271815
9623,0.8729612930279923,0.006286318271176921,0.1207523887008308
9624,0.8547060539059036,0.00824115039266492,0.13705279570143142
9625,0.4684946168521895,0.05324899759941567,0.4782563855483947
9626,0.9300343600888495,0.007255134350466986,0.06271050556068354
9627,0.9270953376627659,0.00691318906553045,0.06599147327170383
9628,0.6304266608282443,0.05542013727336716,0.3141532018983887
9629,0.010526017537893931,0.0038087188608474103,0.9856652636012586
9630,0.9360835026408901,0.0026646672701556994,0.06125183008895415
9631,0.8503076291668642,0.028878594458677246,0.12081377637445877
9632,0.983010706235724,0.004362559626954054,0.01262673413732201
9633,0.9768387079080746,0.005927666455015812,0.017233625636909677
9634,0.9663330665598181,0.007965243817311491,0.025701689622870293
9635,0.08837480145899618,0.05263812062537488,0.8589870779156291
9636,0.2966171921213221,0.021267291238664037,0.6821155166400139
9637,0.015322138532118931,0.013932089754844633,0.9707457717130364
9638,0.9699479778693799,0.002607496612643003,0.027444525517977058
9639,0.9073057571248296,0.0195933891986091,0.07310085367656129
9640,0.9365093659096971,0.004422645205651235,0.059067988884651645
9641,0.524795189979022,0.07215730035333688,0.40304750966764114
9642,0.04507447824359629,0.02139861354025508,0.9335269082161485
9643,0.931013959238623,0.0055034438844639814,0.06348259687691304
9644,0.6829556373217059,0.041574691211195634,0.2754696714670985
9645,0.9566611067545262,0.003237618759678815,0.04010127448579499
9646,0.5696636425400835,0.02417089434314381,0.40616546311677276
9647,0.9390013759506787,0.012745599790809813,0.048253024258511676
9648,0.5789696434756293,0.01667995212778717,0.4043504043965836
9649,0.9752263768882408,0.008431791118345473,0.01634183199341371
9650,0.6288035154072417,0.010595961192934988,0.36060052339982335
9651,0.9317212088960704,0.005679446001200032,0.06259934510272952
9652,0.7023027084142724,0.026963128972581085,0.2707341626131467
9653,0.712698883211555,0.010600976682588088,0.27670014010585703
9654,0.7540169016897444,0.05680806103535253,0.189175037274903
9655,0.9507612583349684,0.0055372715401448445,0.04370147012488677
9656,0.058772810170165245,0.02799148134518125,0.9132357084846535
9657,0.9128042945591263,0.0034731639843288537,0.0837225414565448
9658,0.9426487798717172,0.005278306837539047,0.052072913290743844
9659,0.22670601422567946,0.0699920332796652,0.7033019524946553
9660,0.2912844784317691,0.5455656509045195,0.16314987066371164
9661,0.9854183806046968,0.0028528790549532854,0.011728740340350013
9662,0.6770975063357276,0.010213829605817864,0.31268866405845447
9663,0.2680236592177721,0.3954344788305998,0.3365418619516281
9664,0.011752717491982156,0.00683725791711133,0.9814100245909065
9665,0.044410827370243884,0.01812571526613332,0.9374634573636228
9666,0.43439155669697654,0.006604130444679822,0.5590043128583436
9667,0.3263409345757225,0.040002277557048285,0.6336567878672293
9668,0.3431905467479204,0.017670087477304718,0.639139365774775
9669,0.9781901871759754,0.0042272211028475245,0.017582591721177137
9670,0.5811709162477302,0.10330369287532958,0.3155253908769403
9671,0.9620204555087938,0.003468235331008812,0.03451130916019744
9672,0.6659717120513539,0.009699665989879404,0.32432862195876677
9673,0.9562279474266441,0.019542595120639713,0.02422945745271606
9674,0.8552091842786933,0.005512034127303233,0.13927878159400353
9675,0.31981630798353283,0.016212926468670005,0.6639707655477972
9676,0.8765542971198234,0.03055109494961106,0.09289460793056574
9677,0.7285753946441827,0.01119937256462444,0.26022523279119286
9678,0.9500420526357836,0.005208849981840996,0.0447490973823754
9679,0.025676918037835318,0.004101267784029542,0.9702218141781352
9680,0.9485080460373474,0.018085833863989396,0.03340612009866294
9681,0.777361331326771,0.0705924222168741,0.152046246456355
9682,0.9524156980344636,0.020190079473639832,0.0273942224918966
9683,0.0061774678955769284,0.019249892508569757,0.9745726395958535
9684,0.7682389184050591,0.022414768592191225,0.20934631300274967
9685,0.17195448558014975,0.01749050415430813,0.8105550102655422
9686,0.2896376070842217,0.07863042322675697,0.6317319696890215
9687,0.40388680629984475,0.0746837561135046,0.5214294375866507
9688,0.3165719923749084,0.0385361562165191,0.6448918514085727
9689,0.9452112498216244,0.015498386454508798,0.03929036372386687
9690,0.3023798536093093,0.05327805368761045,0.6443420927030802
9691,0.9472980251467665,0.0081269674581691,0.04457500739506444
9692,0.9520949801256295,0.004314030951379022,0.04359098892299163
9693,0.8364838124521455,0.028354043869850503,0.13516214367800408
9694,0.8668914905046553,0.01023980689009385,0.1228687026052509
9695,0.906620331699009,0.04849848716045619,0.04488118114053486
9696,0.9690050936072092,0.011417039757882351,0.019577866634908434
9697,0.6896996438098134,0.017352440987928,0.29294791520225866
9698,0.9490999026883878,0.008004563059845296,0.04289553425176685
9699,0.8493881123521632,0.008574358869377392,0.14203752877845952
9700,0.711479572879233,0.03414081157537966,0.2543796155453875
9701,0.8207989344076698,0.02444823135798496,0.15475283423434527
9702,0.9446849850787589,0.014769075721149756,0.04054593920009124
9703,0.935153184265908,0.015583363166586204,0.0492634525675059
9704,0.9014037505859017,0.017733058045869853,0.08086319136822846
9705,0.18731819058578864,0.026534331503369413,0.786147477910842
9706,0.1485688047170791,0.004455071276001932,0.846976124006919
9707,0.03623999057378766,0.0028999099426775736,0.9608600994835348
9708,0.01056877438930221,0.006064917102541815,0.9833663085081561
9709,0.7522375088372353,0.009136585700945159,0.23862590546181964
9710,0.916442851143736,0.023116291424174023,0.060440857432089955
9711,0.9528779704752206,0.020390453593700498,0.026731575931078905
9712,0.9531518916481497,0.013246942246343426,0.033601166105506924
9713,0.4276091395972076,0.024440430518596467,0.547950429884196
9714,0.6222023321532778,0.03748156597486677,0.34031610187185557
9715,0.05312154807776144,0.021542687868924295,0.9253357640533143
9716,0.8159746878372255,0.008888397068878456,0.1751369150938962
9717,0.9078811090594853,0.008353574019737152,0.08376531692077764
9718,0.8606714306143608,0.010544516421971807,0.12878405296366735
9719,0.88506524845597,0.00673642553394001,0.10819832601009012
9720,0.8154386733486491,0.004631802121212045,0.17992952453013897
9721,0.02477349415706154,0.013249818997005435,0.9619766868459331
9722,0.9447273859568152,0.014335302443202249,0.0409373115999826
9723,0.4752443237367726,0.09690005226140276,0.4278556240018248
9724,0.901335780358151,0.006266004458650308,0.0923982151831988
9725,0.42747084384788087,0.01587573741972939,0.5566534187323898
9726,0.20784491987038353,0.10407900678089728,0.6880760733487191
9727,0.599900033246533,0.05984700166146784,0.34025296509199937
9728,0.8034561669944366,0.004103923950199666,0.1924399090553637
9729,0.969511904667811,0.016128997761669425,0.01435909757051953
9730,0.9843770926646112,0.00414992843623676,0.011472978899152159
9731,0.45988484776173316,0.060174924642857466,0.4799402275954095
9732,0.3105440743852135,0.058890534949879655,0.6305653906649069
9733,0.10837049861668142,0.08585341174479154,0.8057760896385272
9734,0.8837301086350808,0.008715247513078608,0.1075546438518407
9735,0.049057506890356664,0.006980574030831722,0.9439619190788117
9736,0.8474997994259915,0.07215947936116106,0.0803407212128475
9737,0.9656736862460603,0.005036297675516591,0.02929001607842307
9738,0.8875095913905526,0.01602340443587161,0.0964670041735757
9739,0.49433201001305,0.029351527386074362,0.4763164626008756
9740,0.4188386818840238,0.014821467088316151,0.56633985102766
9741,0.899188793866074,0.05708387440376173,0.04372733173016422
9742,0.05778917801270095,0.03372096984519809,0.9084898521421011
9743,0.09291673883266578,0.07306665136082846,0.8340166098065057
9744,0.06511371344330039,0.017511065576892183,0.9173752209798075
9745,0.1387350308278056,0.012000617302012984,0.8492643518701815
9746,0.322577069064438,0.05380629231796046,0.6236166386176016
9747,0.09519008342058752,0.6424114453604303,0.2623984712189824
9748,0.9045024513707839,0.008816432411166837,0.08668111621804907
9749,0.9791701924551011,0.003063871932249614,0.017765935612649292
9750,0.2366334563422605,0.005578915234245984,0.7577876284234935
9751,0.9347348059900632,0.007743004689668774,0.05752218932026812
9752,0.9659763532652212,0.006667995884926516,0.02735565084985236
9753,0.047989523305202335,0.059760306337091874,0.8922501703577058
9754,0.9726331907929989,0.01024966268812195,0.017117146518879068
9755,0.9691140265066688,0.004803374462859159,0.02608259903047224
9756,0.8833157030716122,0.034513552279253366,0.08217074464913443
9757,0.7227873026550132,0.020099583139296943,0.2571131142056899
9758,0.6614129709952566,0.05731076447281968,0.2812762645319238
9759,0.5843393484119127,0.01884013849730998,0.39682051309077737
9760,0.9850277190904951,0.004364077058138611,0.010608203851366196
9761,0.009282993531676213,0.0022252964156477873,0.9884917100526761
9762,0.6813748914444798,0.008725642342107808,0.3098994662134125
9763,0.5818949286727763,0.0852123645352383,0.3328927067919855
9764,0.9721755980532277,0.003037823417638939,0.024786578529133352
9765,0.9541373926257859,0.006706330620593239,0.03915627675362082
9766,0.7669352649354101,0.10394597343168754,0.1291187616329025
9767,0.9109225664150172,0.020063519283939665,0.06901391430104324
9768,0.7552830741002224,0.021106302184967455,0.22361062371481014
9769,0.5835731890695451,0.14785053320393238,0.2685762777265225
9770,0.9714764475389903,0.007098697977174766,0.021424854483834955
9771,0.9405209988706983,0.007741854509836616,0.051737146619465095
9772,0.1499687273999932,0.02776118645885913,0.8222700861411478
9773,0.7450650467213517,0.03429636975498279,0.22063858352366547
9774,0.1929119217790181,0.012895341944099031,0.7941927362768828
9775,0.24108067164497007,0.012900436329203579,0.7460188920258264
9776,0.9553869967962695,0.005144483840018925,0.03946851936371155
9777,0.2011480994428366,0.15964284717464222,0.6392090533825212
9778,0.3832608148233026,0.09800043036847662,0.5187387548082208
9779,0.9165205225983051,0.017934760637232594,0.06554471676446237
9780,0.5177624220087464,0.030003988912185812,0.4522335890790677
9781,0.9345640647946226,0.005683979091994142,0.059751956113383194
9782,0.932065040766291,0.015038640143824148,0.05289631908988481
9783,0.32510918598760596,0.19520158779362276,0.4796892262187713
9784,0.9619826647979209,0.018357644529466362,0.019659690672612654
9785,0.9376097993433541,0.006711422587947216,0.055678778068698594
9786,0.3219520704369883,0.022987648520107488,0.6550602810429041
9787,0.003833400775172499,0.001647087015836376,0.994519512208991
9788,0.9342553892795983,0.010694865127330012,0.055049745593071776
9789,0.8771450017771169,0.015394316921376215,0.10746068130150699
9790,0.8544313748330031,0.02665267155902065,0.11891595360797629
9791,0.009042537486503728,0.008201390989349027,0.9827560715241472
9792,0.4088585914886917,0.025564840285808754,0.5655765682254995
9793,0.03346960409481916,0.0026201573128479777,0.9639102385923329
9794,0.4331044752133089,0.045040781705009164,0.5218547430816821
9795,0.5304808134669124,0.053115189125343576,0.416403997407744
9796,0.9308603051686672,0.024932667523144873,0.04420702730818802
9797,0.9764703775801558,0.010012883737895007,0.013516738681949237
9798,0.6413298350129016,0.2619236626032881,0.09674650238381048
9799,0.266193434733113,0.23834894937891546,0.49545761588797155
9800,0.2259826034918397,0.014927290415143705,0.7590901060930166
9801,0.055142665765566284,0.007380052532272122,0.9374772817021616
9802,0.9284360270428713,0.017183010281421118,0.054380962675707516
9803,0.675968756171851,0.044546081340069994,0.2794851624880789
9804,0.4238179283692056,0.01828070867867682,0.5579013629521177
9805,0.9584397699604194,0.010997227094078531,0.03056300294550214
9806,0.860189322940562,0.0206960221579298,0.11911465490150815
9807,0.7620508118010335,0.06638816798628146,0.17156102021268502
9808,0.28665064284487896,0.007262809331615033,0.706086547823506
9809,0.18350499705293655,0.0279566577171908,0.7885383452298728
9810,0.04308382617405616,0.04300619824630469,0.9139099755796393
9811,0.19756255001918235,0.020135024826833617,0.7823024251539841
9812,0.9016633475079373,0.015662039901044793,0.08267461259101792
9813,0.22111788663605106,0.07344992907676025,0.7054321842871888
9814,0.8984342141703722,0.0041031132539846174,0.09746267257564319
9815,0.774921985152124,0.021130162928815085,0.20394785191906095
9816,0.013306656863404867,0.0025168945373950677,0.9841764485992001
9817,0.5827414292951039,0.05446840850595533,0.36279016219894095
9818,0.9305940001934546,0.007256447185739206,0.06214955262080609
9819,0.978968062790302,0.0031344254598018708,0.01789751174989616
9820,0.9760903773935324,0.006325836705140878,0.017583785901326743
9821,0.7045802182647734,0.03800337512135032,0.2574164066138765
9822,0.8367806245858117,0.009062093736062607,0.15415728167812573
9823,0.7818363817795103,0.04275993322830192,0.17540368499218792
9824,0.8261227107076404,0.005792602233685963,0.16808468705867366
9825,0.03838963119844896,0.00833043078878762,0.9532799380127635
9826,0.5879361556794757,0.06573669059234734,0.346327153728177
9827,0.035478653040613865,0.003485609356829797,0.9610357376025563
9828,0.05495718450759161,0.005127697166374841,0.9399151183260336
9829,0.03680208378968342,0.08426208639731447,0.8789358298130022
9830,0.855675943462614,0.004362003819751233,0.13996205271763484
9831,0.9814358548689376,0.005268669690399263,0.013295475440663227
9832,0.3578675843361668,0.012038676760452402,0.6300937389033808
9833,0.975920258686047,0.0033125139352883615,0.020767227378664568
9834,0.9523758265941938,0.02100564769224871,0.026618525713557488
9835,0.1054565426649068,0.011535977383423856,0.8830074799516695
9836,0.9815617255176156,0.004218420944472215,0.014219853537912086
9837,0.010540724417671456,0.0021884069661444426,0.9872708686161841
9838,0.8577724509154082,0.024328590935027202,0.11789895814956473
9839,0.16060764365841282,0.0757871816456178,0.7636051746959693
9840,0.9226958232923176,0.01292608053135528,0.06437809617632718
9841,0.012203388840605602,0.004247943011429491,0.983548668147965
9842,0.9528279636132551,0.00823369262745986,0.03893834375928527
9843,0.6006125682927316,0.012355848478481108,0.38703158322878745
9844,0.9498925149684774,0.00803876675871521,0.04206871827280743
9845,0.7606623335601881,0.036359179760019913,0.20297848667979201
9846,0.4972414305963113,0.04251966975675411,0.4602388996469346
9847,0.9687751383791718,0.0025984486048184785,0.028626413016009735
9848,0.02686643642181018,0.014969428419270176,0.9581641351589197
9849,0.3155562591067915,0.018551616035136963,0.6658921248580715
9850,0.13900414072349046,0.03254426310093526,0.8284515961755744
9851,0.8685191109635343,0.06961761679849711,0.06186327223796863
9852,0.9697344511873378,0.0026700513060674237,0.027595497506594648
9853,0.9359020432646515,0.0038645301917081347,0.060233426543640285
9854,0.020221466992649897,0.004838875484129398,0.9749396575232208
9855,0.3221695006672188,0.02446568474503167,0.6533648145877496
9856,0.2969387675812087,0.189968629607859,0.5130926028109324
9857,0.5720991053926846,0.028430746147179133,0.3994701484601364
9858,0.7497569815620027,0.007375776571181974,0.24286724186681533
9859,0.31094749100038893,0.07254756525379225,0.6165049437458189
9860,0.8890824227272409,0.060929465916852436,0.04998811135590664
9861,0.08274240150335807,0.015022395260440318,0.9022352032362015
9862,0.8338423540470462,0.02947541147845428,0.1366822344744994
9863,0.06088632920931846,0.025949150731470454,0.9131645200592112
9864,0.5795295939450954,0.0890309061279583,0.3314394999269463
9865,0.05644337805307623,0.02295490547430146,0.9206017164726223
9866,0.478237246597632,0.018375880874353927,0.5033868725280141
9867,0.9363017531149668,0.021374334686452574,0.042323912198580775
9868,0.9593620193982871,0.00582161277335531,0.03481636782835757
9869,0.9451185747962071,0.008058247725676804,0.04682317747811619
9870,0.9452604094178365,0.0038712300419295504,0.05086836054023385
9871,0.41769051568919174,0.018539637571886942,0.5637698467389215
9872,0.7991480601728927,0.0478434211431063,0.15300851868400087
9873,0.9549770498896915,0.003934880108645259,0.041088070001663264
9874,0.9427464175412467,0.01243674238557878,0.04481684007317458
9875,0.9601078886413438,0.008065071069149856,0.03182704028950647
9876,0.48627683596429155,0.05678663162599539,0.45693653240971305
9877,0.6716283522156871,0.004418515162384008,0.323953132621929
9878,0.8303549787761672,0.0028040178190896913,0.1668410034047431
9879,0.9559990203697756,0.009319729196369484,0.034681250433855025
9880,0.9712846590570927,0.009904712561338846,0.018810628381568422
9881,0.12101048815782138,0.06588848457356143,0.8131010272686173
9882,0.8503021208721041,0.028909280445240004,0.12078859868265583
9883,0.5565451661980368,0.022330655278633985,0.42112417852332923
9884,0.6879689778687028,0.02082543810264309,0.2912055840286541
9885,0.22587126380119768,0.017549056574040434,0.756579679624762
9886,0.985046004388264,0.0024177983844661448,0.012536197227269853
9887,0.7290898306669299,0.04766964001244436,0.22324052932062569
9888,0.9496727030467587,0.006244088215136474,0.04408320873810487
9889,0.3916998013937495,0.11996841303667408,0.4883317855695765
9890,0.8970242099869657,0.01372280855439787,0.08925298145863636
9891,0.06430662931476791,0.02709335018314919,0.9086000205020829
9892,0.47462300406445485,0.04151008726354329,0.4838669086720018
9893,0.11103420791037462,0.028478193406886624,0.8604875986827388
9894,0.944701065524159,0.013190951888928994,0.04210798258691203
9895,0.36071966272686856,0.0516548889032915,0.5876254483698401
9896,0.8724489527647791,0.03228163313263253,0.09526941410258853
9897,0.872922057406783,0.019750109709042788,0.10732783288417426
9898,0.9603603932332517,0.004448783909862228,0.03519082285688605
9899,0.5333144798482603,0.039367222925798216,0.42731829722594145
9900,0.9816902351901307,0.0037268290823295005,0.014582935727539716
9901,0.46326984712803715,0.05356288239514659,0.48316727047681624
9902,0.8772390114717282,0.08643590271265303,0.03632508581561896
9903,0.6825426335372557,0.0074740241972943615,0.30998334226544993
9904,0.3420877762623135,0.01800849377096986,0.6399037299667167
9905,0.9648328806059209,0.01629509263670323,0.018872026757375916
9906,0.8300391911101456,0.02119786672991265,0.14876294215994185
9907,0.022801815416449565,0.04538579512444043,0.9318123894591102
9908,0.9816253871077366,0.004986346622987565,0.013388266269275884
9909,0.6524375505044528,0.0163062726282196,0.3312561768673276
9910,0.9662256169137978,0.016355193951824665,0.017419189134377493
9911,0.4502020043062742,0.022531427741161524,0.5272665679525643
9912,0.190817795750064,0.27098132641985523,0.5382008778300809
9913,0.9629479965309854,0.014683700409086077,0.02236830305992845
9914,0.8929779509639967,0.016556045571275803,0.09046600346472748
9915,0.008921191460911497,0.0020927525353048797,0.9889860560037836
9916,0.44840727686752874,0.2587823547743081,0.29281036835816315
9917,0.9386249482686823,0.0039685300762000945,0.05740652165511785
9918,0.01228048122560124,0.004610282209858139,0.9831092365645406
9919,0.4190136646717368,0.039115648417914047,0.5418706869103492
9920,0.8655551022817741,0.012614104487123067,0.1218307932311029
9921,0.35039551051603207,0.03531233361284967,0.6142921558711184
9922,0.1783591283528652,0.03578964535190989,0.785851226295225
9923,0.5415959327810238,0.0772620688932885,0.3811419983256878
9924,0.796273636391567,0.05261765691018146,0.15110870669825152
9925,0.9455294969197798,0.013393261147383855,0.04107724193283623
9926,0.9718947821134605,0.006062664532509613,0.022042553354029864
9927,0.7896410371593626,0.007685736483550756,0.20267322635708684
9928,0.334118759496969,0.30265792450473067,0.3632233159983003
9929,0.7150957873844768,0.08222585088653223,0.20267836172899115
9930,0.4621357585809175,0.05003221479254968,0.4878320266265328
9931,0.776245685149068,0.06287614263484699,0.1608781722160851
9932,0.9682855476518805,0.009749083310100928,0.021965369038018653
9933,0.19079326044679382,0.2111870599719259,0.5980196795812804
9934,0.4490152257765688,0.011768729002872392,0.5392160452205589
9935,0.22490508502044124,0.0068519066312471,0.7682430083483117
9936,0.9563079832924316,0.004299240779853727,0.03939277592771482
9937,0.014686793467046827,0.008136647266531457,0.9771765592664218
9938,0.615628790014297,0.021411472980547814,0.3629597370051551
9939,0.28061968744935967,0.018070805020734233,0.7013095075299063
9940,0.8250004298421449,0.011213290371295004,0.1637862797865601
9941,0.7289592246510043,0.018486637982718362,0.25255413736627746
9942,0.946790797236685,0.004284673219904416,0.048924529543410526
9943,0.3118930046816118,0.137218766962768,0.5508882283556203
9944,0.9389188817778295,0.03083593380994516,0.030245184412225443
9945,0.38202300087775826,0.0905762433307845,0.5274007557914574
9946,0.8543012493620378,0.029776810909282702,0.11592193972867958
9947,0.9677893470528952,0.012203561723344825,0.020007091223760095
9948,0.06857284873747391,0.03448137625010721,0.8969457750124191
9949,0.16465940840111531,0.019392849767113137,0.8159477418317717
9950,0.3106898790431576,0.06530876112877536,0.6240013598280671
9951,0.3725490524588148,0.09759053183731858,0.5298604157038667
9952,0.9186918460007386,0.005708399418941118,0.07559975458032028
9953,0.20699948869190044,0.07462876354316936,0.7183717477649303
9954,0.9364460882442872,0.00774229234264585,0.055811619413067
9955,0.23253195773592863,0.02341862663625974,0.7440494156278118
9956,0.6625302013060959,0.045392394402485436,0.2920774042914187
9957,0.9532634136828295,0.0027916728706821052,0.04394491344648831
9958,0.9722099714577918,0.009493607480864011,0.01829642106134432
9959,0.11618511578957445,0.055209715344749895,0.8286051688656757
9960,0.940069586525677,0.012435637795309094,0.0474947756790139
9961,0.9612350053636521,0.0068943166908072995,0.031870677945540625
9962,0.9752252229691204,0.0034684786843106395,0.021306298346568883
9963,0.842039966336276,0.013506496783780636,0.14445353687994342
9964,0.7620149015727923,0.038084669646617574,0.19990042878059028
9965,0.857706707308657,0.00973332523261033,0.13255996745873283
9966,0.5574379554784782,0.01745723967577582,0.4251048048457461
9967,0.0056547719790500045,0.006329384558668812,0.9880158434622812
9968,0.7400687515533997,0.06510135392516828,0.19482989452143215
9969,0.20354127591395324,0.014713367890264251,0.7817453561957827
9970,0.5428617559735305,0.06213246863777058,0.3950057753886991
9971,0.9754755345923724,0.005711669204233587,0.018812796203394214
9972,0.055247418971538835,0.010015752741763456,0.9347368282866978
9973,0.9786385018243867,0.005844735796385866,0.015516762379227519
9974,0.829010693713846,0.0061301018866842345,0.16485920439946997
9975,0.973179738962097,0.012142799773938234,0.01467746126396475
9976,0.9451444441391087,0.006808443238523959,0.04804711262236751
9977,0.8413001643405309,0.012444093832719558,0.14625574182674952
9978,0.9638113511546951,0.00676633489124085,0.02942231395406407
9979,0.39266318578401155,0.07798169064682613,0.5293551235691625
9980,0.9158286388106639,0.02971727228940311,0.05445408889993299
9981,0.9541419069958011,0.0025963950417793066,0.04326169796241957
9982,0.8708105641707189,0.03203468287291112,0.09715475295637004
9983,0.9246113333276641,0.006576796426238798,0.06881187024609721
9984,0.07271299399424112,0.020672049271552983,0.9066149567342059
9985,0.31765659591593937,0.02610014798762444,0.6562432560964362
9986,0.5150728565064664,0.1225369908080605,0.36239015268547314
9987,0.6054369279147263,0.22557352824443383,0.16898954384084
9988,0.876146028637832,0.014765864788769493,0.10908810657339853
9989,0.010292897687852626,0.006509106284733865,0.9831979960274135
9990,0.04485154157215666,0.02608074874044688,0.9290677096873964
9991,0.8655973473142963,0.020240866915987733,0.11416178576971607
9992,0.962411227405263,0.0036613369211079953,0.033927435673628964
9993,0.05321828298406122,0.014599776390897478,0.9321819406250414
9994,0.15523755287012847,0.10742194378482528,0.7373405033450463
9995,0.9616373380219212,0.007669700314429011,0.030692961663649824
9996,0.3271552191422941,0.03267221240082144,0.6401725684568845
9997,0.9757782104907115,0.009598843901975133,0.014622945607313547
9998,0.9351703285221172,0.017258048528594156,0.04757162294928865
9999,0.7074967964603533,0.030470516453404126,0.26203268708624256
10000,0.9668891005924214,0.016727787273678657,0.01638311213389999
10001,0.34504447338868244,0.034656396066302435,0.6202991305450152
10002,0.856469957999142,0.016027059962271304,0.12750298203858657
10003,0.9101702476181625,0.04556776608890268,0.04426198629293492
10004,0.6813480598921797,0.10960003958627666,0.20905190052154374
10005,0.8352146735318956,0.1278763374624102,0.036908989005694295
10006,0.9358178324191909,0.011061516596494188,0.05312065098431477
10007,0.9799461525469179,0.00430656637672651,0.01574728107635567
10008,0.952156421007745,0.0035798800665718593,0.04426369892568318
10009,0.937551757150978,0.010395560039487465,0.05205268280953463
10010,0.9592340360444206,0.003376701967664792,0.037389261987914646
10011,0.9533524402405239,0.0055947515769157125,0.04105280818256032
10012,0.9324125085900217,0.00497703854967184,0.06261045286030645
10013,0.8544458174479659,0.02149780092340652,0.12405638162862759
10014,0.12609150919615875,0.05949175616792455,0.8144167346359168
10015,0.7772853596653425,0.012830096826066945,0.20988454350859062
10016,0.40953416992435565,0.17566624125323776,0.4147995888224066
10017,0.03771085686224985,0.0201777215545963,0.942111421583154
10018,0.0660251007580872,0.020666555463859988,0.9133083437780528
10019,0.8838669453624959,0.008474379434469352,0.10765867520303475
10020,0.962267555220045,0.0074583942384966245,0.030274050541458323
10021,0.19154286885121038,0.012462870382532352,0.7959942607662572
10022,0.45728014043986814,0.01573283870249998,0.526987020857632
10023,0.017954188357607058,0.011030943448625015,0.971014868193768
10024,0.4597639687443128,0.06578298834446511,0.4744530429112221
10025,0.6731667335272987,0.05160524096739562,0.27522802550530584
10026,0.7869656554663768,0.013288949637675596,0.19974539489594775
10027,0.29257407985025013,0.0070695305304060005,0.700356389619344
10028,0.8295316953940848,0.015820709594536454,0.1546475950113789
10029,0.9761752134431877,0.004955075543040263,0.01886971101377208
10030,0.1358022758998819,0.19290917280216374,0.6712885512979544
10031,0.19326019106841594,0.3146873312163582,0.4920524777152258
10032,0.8877555865544138,0.009992580755692976,0.10225183268989332
10033,0.3343691308758189,0.029317645803745403,0.6363132233204358
10034,0.9756818089999296,0.002000363844280625,0.022317827155789786
10035,0.2749542534376764,0.19549763874243647,0.5295481078198873
10036,0.06615007266331076,0.07341582185563145,0.8604341054810578
10037,0.6925762562497001,0.040309427571390506,0.2671143161789093
10038,0.9371356984762486,0.004161322188464904,0.05870297933528657
10039,0.5496433686277185,0.01843295400286481,0.4319236773694168
10040,0.02131832266654064,0.007933419453723221,0.9707482578797363
10041,0.07241076127116013,0.006425060305666744,0.9211641784231732
10042,0.9299811419518217,0.03927630283063859,0.030742555217539644
10043,0.026996717209695188,0.012424365095784982,0.9605789176945198
10044,0.851144763903287,0.02276612216149099,0.12608911393522218
10045,0.9829666234976854,0.002115639844633064,0.014917736657681537
10046,0.07760207414034387,0.016768197091244087,0.9056297287684122
10047,0.6141110543547997,0.047692048302861466,0.33819689734233876
10048,0.9047471873202938,0.013970999111244676,0.08128181356846143
10049,0.9530558412172337,0.00835152324014458,0.03859263554262168
10050,0.9819230053537901,0.008186425094447529,0.009890569551762358
10051,0.8800632680122772,0.06578869024300511,0.054148041744717636
10052,0.3267343242530375,0.1996706795821381,0.4735949961648244
10053,0.7200316244968453,0.13669006993478158,0.14327830556837304
10054,0.23159642880664227,0.016277828742719214,0.7521257424506386
10055,0.016408308934437784,0.005061245687916493,0.9785304453776457
10056,0.7365282495694397,0.007973829273488166,0.2554979211570722
10057,0.7388092059049891,0.012905431178296763,0.24828536291671427
10058,0.3029553405211419,0.013019113094327664,0.6840255463845305
10059,0.9389605000488646,0.0027181503689591422,0.05832134958217635
10060,0.309065680352345,0.01373909557029192,0.6771952240773631
10061,0.9147365161798388,0.007640435469944649,0.07762304835021654
10062,0.9035447405453735,0.04042249098210963,0.0560327684725169
10063,0.6430314709362839,0.018101136708158185,0.338867392355558
10064,0.1133789318959519,0.0055637111755855685,0.8810573569284627
10065,0.9430827301112172,0.014104210636982372,0.04281305925180053
10066,0.08091747584151436,0.011357207688236948,0.9077253164702487
10067,0.9175846286891907,0.009726471380860085,0.07268889992994937
10068,0.7558875019738401,0.015763772180392325,0.22834872584576757
10069,0.9694820428543037,0.006410730208901376,0.024107226936794835
10070,0.11594169940039871,0.030014008974833646,0.8540442916247678
10071,0.860369672089317,0.004950568678781271,0.1346797592319018
10072,0.18391139804521875,0.005129691046991239,0.8109589109077902
10073,0.9519227736340347,0.010504256694843237,0.03757296967112215
10074,0.10252796616857072,0.38407675683139575,0.5133952770000336
10075,0.946724737455469,0.03483634168076448,0.018438920863766573
10076,0.8202593503325691,0.008402610433905259,0.17133803923352572
10077,0.3465195326304144,0.09408930641130923,0.5593911609582765
10078,0.07947527070595635,0.0045462970533866566,0.9159784322406569
10079,0.20460122722649784,0.013738750891384642,0.7816600218821176
10080,0.7756364999062009,0.0312521010520265,0.19311139904177266
10081,0.9735672742367812,0.0029985168987790565,0.023434208864439737
10082,0.20607572372990848,0.052073106779001496,0.7418511694910901
10083,0.0212602983123075,0.009472947522675737,0.9692667541650167
10084,0.8741834452203882,0.011543941983558197,0.11427261279605351
10085,0.27436228722731737,0.036143898764316264,0.6894938140083665
10086,0.5510372036073826,0.007651037271546605,0.44131175912107085
10087,0.8329592953607222,0.04615865933596477,0.12088204530331316
10088,0.6822166727765439,0.02896672969916919,0.2888165975242872
10089,0.7173237505575518,0.016520184654259275,0.26615606478818904
10090,0.9743765343447589,0.00625336943966224,0.019370096215578714
10091,0.9557831530069584,0.014585775293303611,0.02963107169973807
10092,0.9564079163643664,0.011071143035824616,0.03252094059980896
10093,0.8627002009584446,0.02098731416958502,0.1163124848719704
10094,0.985870488257062,0.007270249447457047,0.00685926229548097
10095,0.7605009044445518,0.030152217670600865,0.20934687788484746
10096,0.8091278521499649,0.028701241830253188,0.1621709060197818
10097,0.23062886641232214,0.043943537327591535,0.7254275962600863
10098,0.6917221727468236,0.22962593817461993,0.07865188907855648
10099,0.014282461792161147,0.01363104808546348,0.9720864901223755
10100,0.9534175498314053,0.01997814519308637,0.026604304975508346
10101,0.13554380193963814,0.1353129279254623,0.7291432701348995
10102,0.7367746129666591,0.14787623978405848,0.11534914724928252
10103,0.04137829832393492,0.011725151587077104,0.946896550088988
10104,0.848754085316843,0.033859825395412914,0.11738608928774417
10105,0.6657320935535503,0.09886897124158565,0.23539893520486405
10106,0.5974888305381783,0.38235126371468015,0.020159905747141677
10107,0.9333096411958113,0.010499520154659036,0.056190838649529666
10108,0.8006397368266781,0.08178621727434414,0.11757404589897778
10109,0.9116740368842088,0.0036681298494961275,0.08465783326629503
10110,0.4676503446832226,0.06357996493340774,0.46876969038336974
10111,0.2263151058251828,0.09553934321834735,0.6781455509564699
10112,0.9298247369897151,0.00905794099911652,0.061117322011168373
10113,0.9505385925999227,0.006643968159417174,0.04281743924066025
10114,0.9671885440383636,0.003473312223453304,0.029338143738183154
10115,0.06276616655063853,0.434770941781448,0.5024628916679136
10116,0.9423799804145764,0.03450903770028835,0.023110981885135266
10117,0.5329793952188824,0.3752901286357649,0.09173047614535293
10118,0.9101374739968418,0.010519030815160575,0.07934349518799766
10119,0.9148583788352039,0.016115008615049803,0.06902661254974639
10120,0.9473567742550203,0.027083320130406156,0.02555990561457349
10121,0.32839604489658575,0.05572699635730541,0.6158769587461089
10122,0.8717836501201902,0.030407187913901065,0.09780916196590862
10123,0.3487042689075089,0.17586128273746762,0.4754344483550235
10124,0.9761680104965207,0.004333156437079375,0.01949883306639995
10125,0.1312746909499915,0.006171798613691693,0.862553510436317
10126,0.9649560126894953,0.010944169511072363,0.024099817799432446
10127,0.6450600079953933,0.011532300451647201,0.3434076915529595
10128,0.08269183907646352,0.2745483182495545,0.6427598426739822
10129,0.9055610366518198,0.010648247619010258,0.08379071572916995
10130,0.3274792197449506,0.026254938802676688,0.6462658414523729
10131,0.7092719496812693,0.022559298866730863,0.26816875145200014
10132,0.963051686130083,0.01404604945974193,0.0229022644101752
10133,0.1732908864918692,0.05657286020676641,0.7701362533013645
10134,0.962586234008514,0.0041088698033530146,0.03330489618813303
10135,0.8960205955171437,0.080363788670631,0.02361561581222524
10136,0.5849267661037952,0.011145083362614208,0.4039281505335906
10137,0.6479166950438031,0.06528457021063702,0.2867987347455599
10138,0.2261663817577717,0.2464199835507278,0.5274136346915006
10139,0.8415570754694689,0.009146618047705968,0.14929630648282535
10140,0.8993465652584184,0.00998425263902396,0.09066918210255778
10141,0.4906813856862242,0.028948361012437723,0.48037025330133803
10142,0.04360752389470513,0.04222468391669488,0.9141677921885999
10143,0.9698271953127501,0.00451334455206879,0.02565946013518116
10144,0.323900186235997,0.012064139036008182,0.6640356747279949
10145,0.025315744078792363,0.005806941547188603,0.9688773143740191
10146,0.23964467520346278,0.005392223074010651,0.7549631017225266
10147,0.596825523883853,0.03914374055163353,0.3640307355645135
10148,0.39426625970008117,0.06392331703664565,0.5418104232632733
10149,0.8904185343274066,0.018021303736019272,0.09156016193657428
10150,0.9828669054680177,0.0032543927061797393,0.013878701825802654
10151,0.7162046841104541,0.021821073254722313,0.26197424263482366
10152,0.13716720922853357,0.6697045827696445,0.1931282080018221
10153,0.775160152979968,0.1698423818151758,0.05499746520485616
10154,0.9679903947409331,0.002890394762266731,0.029119210496800312
10155,0.38779423658257983,0.02579074766926059,0.5864150157481596
10156,0.37899675448548154,0.03003864226546572,0.5909646032490529
10157,0.8641307585340535,0.003373527973614595,0.132495713492332
10158,0.0797190441854567,0.09023533017084713,0.8300456256436962
10159,0.9528054483094411,0.006340880659544186,0.0408536710310147
10160,0.965733885564897,0.006020647073794286,0.028245467361308747
10161,0.046137099892044564,0.04243916131781033,0.911423738790145
10162,0.9801539719827079,0.0026914402048481187,0.017154587812444073
10163,0.6469497453220043,0.01297733373123148,0.3400729209467642
10164,0.04602272607453657,0.3961043172170248,0.5578729567084386
10165,0.660608722007204,0.049515985096055475,0.28987529289674063
10166,0.10585325835407979,0.028793782065635907,0.8653529595802844
10167,0.9763513059121097,0.008382874332920847,0.015265819754969453
10168,0.8507767897478441,0.005936430911573791,0.1432867793405821
10169,0.5432200379447111,0.08059357511603628,0.3761863869392528
10170,0.28248672801433755,0.07332153721704611,0.6441917347686165
10171,0.9306124514316778,0.010881035196311851,0.05850651337201044
10172,0.3539865183873407,0.025206610826604695,0.6208068707860547
10173,0.9562386229301217,0.014166850578186665,0.029594526491691638
10174,0.9071761157955031,0.03914882862668826,0.05367505557780871
10175,0.1465300097955297,0.056371157039616406,0.797098833164854
10176,0.8971776087033339,0.009415266605874677,0.09340712469079153
10177,0.621046391652307,0.012645976554589324,0.3663076317931036
10178,0.44702201707084044,0.07036737143131667,0.482610611497843
10179,0.35607445447266645,0.08148562694465643,0.5624399185826772
10180,0.9649332424570577,0.009260184412864204,0.025806573130078173
10181,0.8618166999520402,0.016507660612654834,0.12167563943530502
10182,0.9616279349910514,0.00402157235569274,0.03435049265325604
10183,0.9634985538473494,0.012702950372132439,0.023798495780518243
10184,0.9147512683612689,0.005682873061793254,0.07956585857693804
10185,0.8258151249870908,0.008783357968560156,0.165401517044349
10186,0.897825940333813,0.015966562228804115,0.08620749743738283
10187,0.9000936309669699,0.007703141018275174,0.09220322801475482
10188,0.08185244740856468,0.013934329519471609,0.9042132230719637
10189,0.051202363180072895,0.012080614208083032,0.9367170226118441
10190,0.9616596479563232,0.00309367944880764,0.035246672594869084
10191,0.9676242261970698,0.010757395260448338,0.0216183785424819
10192,0.9689683563023875,0.006168380693734775,0.024863263003877794
10193,0.9091302560968523,0.03663720436294033,0.05423253954020726
10194,0.022637057924331298,0.012038898386642757,0.965324043689026
10195,0.7593231103018432,0.037770292328449855,0.2029065973697071
10196,0.42598412995890933,0.008184867609011397,0.5658310024320793
10197,0.004952068319909678,0.002744705522054159,0.9923032261580361
10198,0.916010044480844,0.005202713161760462,0.0787872423573955
10199,0.9659427552122127,0.016186815487882342,0.01787042929990499
10200,0.8565036077991639,0.07770005032891379,0.06579634187192242
10201,0.9702664746040651,0.0111526042548713,0.018580921141063664
10202,0.9090730167694937,0.011279770776320185,0.07964721245418599
10203,0.4496004051220306,0.049239141251760335,0.5011604536262093
10204,0.6977772034132933,0.020584986164494844,0.28163781042221203
10205,0.9609634720503836,0.012369386446614679,0.026667141503001885
10206,0.3723582266431709,0.06013141546613325,0.567510357890696
10207,0.03610419722177359,0.007553717724135137,0.9563420850540914
10208,0.821743359654555,0.03051461087442332,0.14774202947102172
10209,0.05552865727357412,0.0065458443192410185,0.9379254984071849
10210,0.9569137523819934,0.013989161625841037,0.029097085992165633
10211,0.03681868689819718,0.004906712209282067,0.9582746008925208
10212,0.1968622389742831,0.1982189289453086,0.6049188320804083
10213,0.8850144707225701,0.01309550522527524,0.10189002405215479
10214,0.2556564847399199,0.16988440365469265,0.5744591116053875
10215,0.19387492369608522,0.12590895978716593,0.680216116516749
10216,0.8534257379930001,0.01905743302989073,0.12751682897710923
10217,0.8803374846188189,0.007183523444635703,0.11247899193654559
10218,0.09189085672192691,0.027811955974081443,0.8802971873039916
10219,0.24927862777263796,0.020910311957885223,0.7298110602694768
10220,0.8594498913415655,0.05496723393088067,0.08558287472755384
10221,0.9321039310015606,0.012083795951275659,0.05581227304716365
10222,0.9746978934017819,0.0026462267524157957,0.0226558798458022
10223,0.1964909505279812,0.02021409614718424,0.7832949533248347
10224,0.021245254648177662,0.02530833075882242,0.953446414593
10225,0.7650096535112504,0.060517582419085524,0.17447276406966422
10226,0.9547292736615886,0.004792335424205982,0.04047839091420555
10227,0.7579934835933118,0.017307973003460597,0.22469854340322773
10228,0.8765484988645634,0.08694777536638382,0.036503725769052774
10229,0.12336770241443425,0.0541774426797537,0.822454854905812
10230,0.878515700036779,0.05681276711021422,0.06467153285300674
10231,0.10136208782908272,0.6122878831409034,0.286350029030014
10232,0.7214088950026579,0.1437330103982948,0.13485809459904735
10233,0.9642736780570574,0.014044081032983923,0.021682240909958694
10234,0.9565222247814311,0.010087638464803554,0.033390136753765336
10235,0.9604122811791281,0.0020854088703506786,0.03750230995052132
10236,0.9542527632898271,0.006760673376616206,0.038986563333556684
10237,0.1886318015088018,0.026064827098224375,0.7853033713929739
10238,0.05992424188525874,0.008074355683897716,0.9320014024308435
10239,0.009030500707993591,0.006410689497936785,0.9845588097940696
10240,0.9596306413352181,0.018078410478361073,0.022290948186420724
10241,0.7144317569525583,0.0185895559259687,0.266978687121473
10242,0.9272945532067779,0.004887331155024364,0.06781811563819783
10243,0.9645560327498807,0.011478427634590524,0.023965539615528938
10244,0.9522630659817123,0.006931284687517274,0.04080564933077038
10245,0.803001080149298,0.018895413420842843,0.17810350642985923
10246,0.026255967751721423,0.004029774321616756,0.9697142579266619
10247,0.6841575768964623,0.06927114423724767,0.24657127886629018
10248,0.7118077160354338,0.04415557610802289,0.2440367078565435
10249,0.22711539873288564,0.024162810691136082,0.7487217905759784
10250,0.9563091173135969,0.0067785997612538,0.036912282925149295
10251,0.38516420272962715,0.041088639384006476,0.5737471578863664
10252,0.9516538577856609,0.008260342363527687,0.040085799850811475
10253,0.8185637487431265,0.05250722548151824,0.12892902577535523
10254,0.26796219059746756,0.10955095600336888,0.6224868533991637
10255,0.26165281933996837,0.013831227381559388,0.7245159532784723
10256,0.8809264045138366,0.014424300421552868,0.10464929506461061
10257,0.9855570315239438,0.004427931171722801,0.01001503730433352
10258,0.9485176295154644,0.006851202777495076,0.04463116770704057
10259,0.8322972400038513,0.10894711086828716,0.05875564912786158
10260,0.19385754271869038,0.44941120531641315,0.35673125196489647
10261,0.8091257312464945,0.059054040145478146,0.13182022860802736
10262,0.9675903529062727,0.006894912408115722,0.02551473468561166
10263,0.6747022957841624,0.07691761216166072,0.24838009205417694
10264,0.9583315616020378,0.011751792828003595,0.029916645569958638
10265,0.925879940959918,0.013595983618892629,0.060524075421189504
10266,0.13539741715707818,0.014332808403206243,0.8502697744397156
10267,0.7570634038308348,0.04231637082922658,0.2006202253399388
10268,0.9124309638591003,0.02251161075389389,0.0650574253870058
10269,0.8358755209362726,0.027939330829276975,0.1361851482344506
10270,0.9819819875004637,0.0032911317738437847,0.014726880725692585
10271,0.05657545588907791,0.020653735084043983,0.9227708090268782
10272,0.5778849716027729,0.009408688725988636,0.41270633967123854
10273,0.8874167701366092,0.013682170934903192,0.09890105892848763
10274,0.8608710119143487,0.04439319202306103,0.09473579606259017
10275,0.4524493265778729,0.0204958569527556,0.5270548164693715
10276,0.9709428513529753,0.004657673922176862,0.024399474724847683
10277,0.9055212102723351,0.00909862184417642,0.0853801678834886
10278,0.019087138252732838,0.005766807276265545,0.9751460544710017
10279,0.06814991809653706,0.0048709504222968865,0.9269791314811661
10280,0.8862574531277104,0.05335797720639154,0.06038456966589808
10281,0.051927546634525965,0.007510882336654283,0.9405615710288197
10282,0.8882451069624352,0.031713474533991357,0.08004141850357345
10283,0.9535437717459653,0.0030802661971160513,0.04337596205691864
10284,0.7032525400765466,0.061948876384821557,0.23479858353863184
10285,0.4649950353391161,0.055024487071510204,0.4799804775893738
10286,0.9812400539225147,0.010112651647793338,0.008647294429692061
10287,0.016779164174247695,0.004313582507463488,0.9789072533182889
10288,0.7247328760930184,0.01601830670034853,0.25924881720663306
10289,0.9621830219401266,0.009231731327477158,0.02858524673239619
10290,0.3352196435824062,0.06591226963979979,0.5988680867777941
10291,0.801826299891656,0.027691278758790152,0.17048242134955388
10292,0.15964935273166156,0.012783667358886471,0.8275669799094522
10293,0.9619378942249563,0.009205826231893088,0.028856279543150468
10294,0.2650655571895434,0.08398296344011273,0.6509514793703439
10295,0.9011895858868906,0.053339647475155454,0.04547076663795391
10296,0.6364903271356105,0.12575356641025864,0.23775610645413087
10297,0.9609296577780067,0.0022762027356390455,0.03679413948635441
10298,0.9790571642926503,0.010061694730151954,0.010881140977197721
10299,0.8899935746084953,0.01060188932350208,0.09940453606800263
10300,0.12549628961827822,0.00735000806761278,0.867153702314109
10301,0.08808187022384788,0.01466541672877633,0.8972527130473759
10302,0.3585856453694612,0.010269153145216734,0.6311452014853222
10303,0.8598011288422175,0.008531000852793411,0.1316678703049893
10304,0.858011941540336,0.013842822388860348,0.12814523607080355
10305,0.11959941248837154,0.013270936001117891,0.8671296515105107
10306,0.9738397009880578,0.007482066102200319,0.01867823290974201
10307,0.14152538210043317,0.026203496220544128,0.8322711216790227
10308,0.5920299189185069,0.028982137606192306,0.378987943475301
10309,0.8518893387608545,0.009548382798278205,0.13856227844086746
10310,0.9566804460696722,0.005532469147996885,0.03778708478233082
10311,0.9112269558265641,0.0037013351777726113,0.08507170899566342
10312,0.36718937338761026,0.020862127606190096,0.6119484990061996
10313,0.3097056156016323,0.21151816116673494,0.4787762232316329
10314,0.941516718243362,0.0028147269976145518,0.055668554759023374
10315,0.11793329041534413,0.007415348563987686,0.8746513610206682
10316,0.7568429090281549,0.006613287098302792,0.23654380387354237
10317,0.9332695829780118,0.005768553671344067,0.06096186335064419
10318,0.7861660713082587,0.003665584127089849,0.2101683445646515
10319,0.7468124792106557,0.16822107968872804,0.08496644110061619
10320,0.5665401341206303,0.2604027779324627,0.1730570879469072
10321,0.9681475488924117,0.006138366696665381,0.025714084410922853
10322,0.5823770793962565,0.12391640726531579,0.29370651333842784
10323,0.7459368857517862,0.028718518403911368,0.22534459584430244
10324,0.8518370043414982,0.005261704810597854,0.142901290847904
10325,0.11730526962155416,0.031094415649300863,0.851600314729145
10326,0.9797772831526176,0.007297470157734552,0.012925246689648047
10327,0.8651321379757656,0.008519249986330057,0.1263486120379044
10328,0.04289660057706177,0.004931869494208233,0.9521715299287299
10329,0.8615334294142242,0.010718882415183468,0.12774768817059237
10330,0.6471782182081794,0.12780587511103217,0.22501590668078866
10331,0.03914573163823257,0.07463878259078609,0.8862154857709814
10332,0.9570166126749596,0.015609216024628699,0.027374171300411688
10333,0.6548507748557396,0.0832504190767827,0.26189880606747784
10334,0.5548445789614146,0.06811970988786899,0.3770357111507166
10335,0.13706982179459878,0.018983959150566162,0.843946219054835
10336,0.9101240154704161,0.005164982335888967,0.08471100219369491
10337,0.9766878264057524,0.004141319006540897,0.01917085458770686
10338,0.3807240572323993,0.020551091011639672,0.5987248517559611
10339,0.5214487585833905,0.027182989593870287,0.45136825182273926
10340,0.11106892785714649,0.011481404781120624,0.8774496673617329
10341,0.9790429605965631,0.0062913641345297205,0.014665675268907141
10342,0.8686672190527912,0.006491281684691383,0.12484149926251739
10343,0.04526167173409842,0.013149071453900417,0.9415892568120011
10344,0.8948900011178693,0.0038494323575229933,0.10126056652460777
10345,0.958113642645427,0.0037914111689178022,0.03809494618565524
10346,0.043964048223868686,0.007057077086714458,0.9489788746894169
10347,0.9738462845928088,0.008323111782086062,0.017830603625105166
10348,0.8390539650104157,0.011921201041771834,0.14902483394781255
10349,0.28867501174996874,0.03976621562383858,0.6715587726261928
10350,0.951128003332033,0.004913100846901858,0.04395889582106509
10351,0.5129189525155594,0.09608163342710081,0.3909994140573398
10352,0.7358508438167782,0.01052238766600041,0.2536267685172214
10353,0.9031408319304312,0.017644241037076156,0.07921492703249279
10354,0.670076664129922,0.03529738157277244,0.29462595429730576
10355,0.11066293998600539,0.0630578673335785,0.8262791926804162
10356,0.847238412565671,0.0792586329302107,0.0735029545041183
10357,0.7439319574875647,0.07139427986375073,0.18467376264868468
10358,0.9522012873215882,0.019929433415180216,0.02786927926323173
10359,0.8434938558605146,0.009133226579716824,0.14737291755976867
10360,0.9392037503975864,0.019798116001616847,0.040998133600796814
10361,0.8106024681903449,0.017020175959331467,0.17237735585032352
10362,0.9825272705629597,0.002316498413173189,0.015156231023867067
10363,0.6048030680949678,0.01960404980223947,0.3755928821027929
10364,0.7935805018718659,0.014021341856510596,0.19239815627162352
10365,0.4084881637317814,0.009842467732851275,0.5816693685353673
10366,0.4137799069718735,0.11836570350580886,0.46785438952231767
10367,0.9592903110136786,0.0037046805017179837,0.03700500848460365
10368,0.9633875126328842,0.007997742607679315,0.028614744759436445
10369,0.926540348917561,0.009929123309800331,0.06353052777263864
10370,0.08343912471761541,0.003134995040411564,0.9134258802419731
10371,0.46735597476202667,0.005902070927520904,0.5267419543104526
10372,0.7835813664168237,0.0051554062663486016,0.2112632273168277
10373,0.4367077916540799,0.053575732683389284,0.5097164756625309
10374,0.07582107939702165,0.014527674535484042,0.9096512460674944
10375,0.7093715035676603,0.11376045376718717,0.17686804266515263
10376,0.9540167802386196,0.0026714291712055644,0.043311790590174926
10377,0.40393711671516025,0.034347402071082334,0.5617154812137576
10378,0.9531329033387349,0.01414498545236036,0.03272211120890483
10379,0.3645386704112745,0.323640732330619,0.31182059725810646
10380,0.4346174599727723,0.18536060513511118,0.3800219348921166
10381,0.39819858728348034,0.04973025528935679,0.5520711574271631
10382,0.10603759966169986,0.04079723348266218,0.853165166855638
10383,0.9183265820038663,0.013540593900726726,0.068132824095407
10384,0.9014108323881286,0.003867877008815841,0.09472129060305565
10385,0.14512233146486067,0.03739355620974661,0.8174841123253928
10386,0.8661766834169226,0.009245924065025194,0.12457739251805235
10387,0.9472220901875896,0.01466207879196568,0.03811583102044485
10388,0.9739828951043615,0.005584156470976382,0.02043294842466214
10389,0.9841679468879304,0.0022840979792374985,0.013547955132832015
10390,0.944331005689714,0.015082538854333827,0.04058645545595213
10391,0.8666285051103274,0.010408264435758324,0.12296323045391419
10392,0.02213010001912125,0.0049612227961812845,0.9729086771846974
10393,0.022603108271034213,0.006328125553480225,0.9710687661754855
10394,0.10342764279985438,0.032677443922550294,0.8638949132775953
10395,0.044538692949025266,0.006173695535158583,0.9492876115158163
10396,0.4265071445748789,0.10627304792476042,0.4672198075003607
10397,0.9448034812264653,0.02302019843023591,0.03217632034329867
10398,0.9767491259354667,0.005120490055916153,0.01813038400861725
10399,0.30292580957158205,0.16033309981784263,0.5367410906105754
10400,0.8469357484477933,0.029636175004389274,0.12342807654781758
10401,0.02337179756739995,0.00990492192146402,0.966723280511136
10402,0.036361236379552325,0.008105536037744046,0.9555332275827036
10403,0.8173350597138193,0.014099076679389822,0.16856586360679104
10404,0.8851721035289372,0.02979047408542648,0.08503742238563636
10405,0.9578001265377735,0.014054834773997616,0.02814503868822901
10406,0.9198269601996895,0.016641917618606252,0.06353112218170438
10407,0.8790082267767243,0.07567549786078707,0.04531627536248869
10408,0.7418030143052262,0.04001598669703133,0.2181809989977424
10409,0.9363093454109613,0.007992790182156975,0.05569786440688158
10410,0.18437104018633454,0.010098124558589269,0.8055308352550762
10411,0.43269264090744725,0.019728959225141094,0.5475783998674116
10412,0.1562161438726873,0.05126872566435685,0.7925151304629559
10413,0.8704848214095041,0.005548785292570167,0.1239663932979259
10414,0.9254860521478266,0.011894585979800778,0.06261936187237274
10415,0.45294711522641073,0.016518340923067653,0.5305345438505217
10416,0.2491888377974759,0.01598373021190005,0.7348274319906242
10417,0.9087599556722189,0.029976160105133726,0.06126388422264755
10418,0.9625406024179125,0.004383558478478113,0.03307583910360939
10419,0.6401965295502255,0.025014023657499367,0.3347894467922751
10420,0.9703192756435342,0.00279727040737852,0.026883453949087255
10421,0.7265475501244295,0.014121456446192551,0.259330993429378
10422,0.9487751567545423,0.005145931135310274,0.04607891211014744
10423,0.9117752819257445,0.009522822425068035,0.07870189564918746
10424,0.44407449746374256,0.010935519213686065,0.5449899833225714
10425,0.36859917967174366,0.03529215358537815,0.5961086667428782
10426,0.5071902423928173,0.03634648981599536,0.45646326779118745
10427,0.7224466822473862,0.0779489810976874,0.1996043366549265
10428,0.9282878409345054,0.05127337632384116,0.02043878274165342
10429,0.06284481156253362,0.006069385283764642,0.9310858031537018
10430,0.8599280635196519,0.011475129271253487,0.12859680720909472
10431,0.1291653504117789,0.012845418849390609,0.8579892307388305
10432,0.5659881539354557,0.20502951038757028,0.22898233567697415
10433,0.15342782558991777,0.572716112401462,0.27385606200862034
10434,0.019592089557003537,0.025323652260991678,0.9550842581820048
10435,0.860953189000216,0.04447584760761939,0.09457096339216471
10436,0.41069870443295187,0.04763178519840434,0.5416695103686439
10437,0.9341592080163271,0.008172933527263088,0.05766785845640972
10438,0.06711537868272328,0.027112805659854116,0.9057718156574227
10439,0.1659607554992258,0.011153850007276225,0.8228853944934981
10440,0.6016072911307535,0.08736663978673063,0.311026069082516
10441,0.9857359936989653,0.0024033903186362737,0.011860615982398442
10442,0.9720245176531935,0.010983799955833767,0.016991682390972873
10443,0.8958951442433966,0.009308166591927396,0.09479668916467612
10444,0.007928328869163554,0.004462936832703137,0.9876087342981333
10445,0.2598245139095125,0.27189603901841414,0.4682794470720735
10446,0.71486796650558,0.014372996578068427,0.2707590369163518
10447,0.7945068326801105,0.05161609410570127,0.1538770732141884
10448,0.9621559586027042,0.024708751933684197,0.013135289463611559
10449,0.2611789900534259,0.05206115064456703,0.6867598593020071
10450,0.9346309408839463,0.03715285938536555,0.028216199730688316
10451,0.31703649186252464,0.055851664852745495,0.6271118432847299
10452,0.8776860400523779,0.03511155568608569,0.08720240426153666
10453,0.4041972007805324,0.02483118471741143,0.5709716145020562
10454,0.8551000861862234,0.0051948306237586134,0.13970508319001798
10455,0.030768741645941445,0.011772303003860401,0.9574589553501981
10456,0.011706887259183467,0.013350113329552042,0.9749429994112645
10457,0.9186281535149198,0.010171603681348387,0.0712002428037319
10458,0.05654167962314393,0.013788251226092745,0.9296700691507633
10459,0.7564550958387856,0.019060823843061868,0.22448408031815256
10460,0.8903815502422886,0.058609325146429976,0.051009124611281466
10461,0.22279322141937494,0.016044252884846504,0.7611625256957787
10462,0.6639523224525679,0.1461844403708513,0.18986323717658096
10463,0.743828979190381,0.04821873208989502,0.20795228871972393
10464,0.2267250588016935,0.07487804114571499,0.6983969000525916
10465,0.006645570266102721,0.002622806697806348,0.990731623036091
10466,0.8092420382967928,0.005831574702772085,0.18492638700043515
10467,0.08200004384239543,0.1266489862270557,0.7913509699305489
10468,0.9807593853855385,0.002884882598137507,0.01635573201632395
10469,0.17949773216727574,0.03276884618898377,0.7877334216437405
10470,0.3569106560225644,0.10230182841563995,0.5407875155617957
10471,0.06846368669324256,0.1214467651212939,0.8100895481854635
10472,0.01851128000432481,0.03840549400905419,0.9430832259866212
10473,0.3571176903399186,0.03586246609372371,0.6070198435663577
10474,0.8610715438301725,0.02200681851927196,0.11692163765055551
10475,0.29131061703075195,0.2283477387231631,0.480341644246085
10476,0.8721211827317523,0.01248695386259481,0.11539186340565287
10477,0.9513598182758579,0.005304376469604004,0.043335805254538236
10478,0.9530895211937401,0.023804385078051975,0.023106093728207898
10479,0.9691784255285674,0.002738160512947444,0.028083413958485206
10480,0.8714111696342751,0.009554936779260776,0.11903389358646412
10481,0.5546286663717009,0.3405283226865293,0.10484301094176988
10482,0.47572233951089865,0.02197885202928024,0.5022988084598211
10483,0.9335039946185668,0.014940955162271964,0.051555050219161076
10484,0.9571292270967554,0.01810113864881157,0.024769634254433053
10485,0.559615459828518,0.057203672940910354,0.38318086723057176
10486,0.9773149180091452,0.0019502243309300969,0.020734857659924773
10487,0.42234795710209244,0.022515375367114038,0.5551366675307937
10488,0.23356862078038704,0.06562554832741634,0.7008058308921967
10489,0.9353537336319041,0.004052751605794176,0.06059351476230168
10490,0.2880092061350234,0.16148924403607853,0.5505015498288982
10491,0.5265115056354367,0.0058548190227582205,0.46763367534180517
10492,0.01925065650173351,0.0016896413789781726,0.9790597021192885
10493,0.9728162399829158,0.007155373135679633,0.020028386881404635
10494,0.053089843888554776,0.021786105975473112,0.9251240501359722
10495,0.16072945519324516,0.01888626363494552,0.8203842811718093
10496,0.4119031722543063,0.03928963195291254,0.5488071957927813
10497,0.8786199577417484,0.010928657893054099,0.11045138436519751
10498,0.8437263301469292,0.01031453583021367,0.1459591340228573
10499,0.9281042835720841,0.025237503997089444,0.04665821243082651
10500,0.9656298392568602,0.003860548697586947,0.030509612045553067
10501,0.878247917938327,0.024864043209082618,0.09688803885259041
10502,0.9704664658373608,0.002004598260017881,0.027528935902621336
10503,0.16474637565023897,0.009446785934244025,0.8258068384155169
10504,0.42089961028976636,0.011548864773229266,0.5675515249370044
10505,0.06101278166844004,0.007449016383262849,0.9315382019482971
10506,0.11339587646327627,0.07081815361468986,0.8157859699220339
10507,0.967448953465614,0.013629484644013989,0.018921561890372182
10508,0.9189240485342363,0.004088520142801511,0.07698743132296225
10509,0.9655164031671314,0.0033428352438832805,0.031140761588985325
10510,0.7661626007998641,0.0889650487351297,0.14487235046500627
10511,0.016725606515920297,0.0034836570688370097,0.9797907364152426
10512,0.9770354819212582,0.01143806477411253,0.011526453304629236
10513,0.9835709210529541,0.007950132014958257,0.008478946932087695
10514,0.40947022273652645,0.46825219100020443,0.12227758626326918
10515,0.17363133524793675,0.03356556930716225,0.7928030954449011
10516,0.9659808785374159,0.005901005943871557,0.028118115518712423
10517,0.9815939947468986,0.006333549264359346,0.012072455988741923
10518,0.9307892674709709,0.014799510567729648,0.05441122196129959
10519,0.02605104371236322,0.00694191490531465,0.9670070413823221
10520,0.9314218754706743,0.00982202533850353,0.058756099190821996
10521,0.010980331542008925,0.003602432433754432,0.9854172360242366
10522,0.04752774098430737,0.017892385842637155,0.9345798731730556
10523,0.15348260917994658,0.014449984091067257,0.8320674067289863
10524,0.16438187875779184,0.0457737822165685,0.7898443390256397
10525,0.9266813384720686,0.003704855027300616,0.06961380650063095
10526,0.2891014005582467,0.02206613707691109,0.6888324623648423
10527,0.8153934552382708,0.023415132732005735,0.16119141202972356
10528,0.02147788039064657,0.003914216319386232,0.9746079032899673
10529,0.8423447463039605,0.03378859580663588,0.12386665788940367
10530,0.16771981760945995,0.008208486871139955,0.8240716955194002
10531,0.9067749160480864,0.014220811509699444,0.07900427244221415
10532,0.9031029173221137,0.016918750256242465,0.07997833242164384
10533,0.7827385442415886,0.08194003399563378,0.13532142176277773
10534,0.9258865759122392,0.02907785643147752,0.04503556765628331
10535,0.5228812536589144,0.045398159968579925,0.4317205863725058
10536,0.967441101793365,0.006285627516112295,0.026273270690522824
10537,0.731843009870029,0.07150385704679174,0.1966531330831792
10538,0.07049094190074114,0.01847711364964819,0.9110319444496107
10539,0.9702729710651918,0.012562523212113737,0.01716450572269458
10540,0.5550217396330434,0.11334154629435747,0.33163671407259915
10541,0.8882843753024106,0.008745937587246922,0.10296968711034261
10542,0.6375672612253694,0.03595485178609205,0.3264778869885386
10543,0.3849698630855614,0.012032308561957394,0.6029978283524814
10544,0.8630398911471423,0.014227367410514665,0.12273274144234304
10545,0.9433931852037346,0.01273599941108981,0.043870815385175635
10546,0.9653217603586034,0.016967181297635154,0.017711058343761483
10547,0.8934308618549002,0.004957823409517022,0.10161131473558276
10548,0.9446102413135299,0.03213941785488374,0.02325034083158634
10549,0.9769760953855381,0.0055228081296541725,0.017501096484807795
10550,0.9432929262315043,0.02533112412879641,0.031375949639699405
10551,0.08375922326947018,0.027589594274854187,0.8886511824556756
10552,0.009376399716743615,0.0018961291310755706,0.9887274711521808
10553,0.9003321773936267,0.010539012957058868,0.08912880964931434
10554,0.04817529261972774,0.0063454225416830845,0.9454792848385892
10555,0.0693806006142654,0.13573492661157047,0.7948844727741641
10556,0.8895166897165264,0.013437075825086792,0.09704623445838685
10557,0.34762845644012236,0.07287983952541356,0.5794917040344642
10558,0.8193303794992588,0.02244068367198316,0.15822893682875808
10559,0.970782508025614,0.0037445055875571093,0.025472986386828857
10560,0.7162510850310918,0.008921537016330692,0.2748273779525774
10561,0.8632367850038396,0.03937289467431835,0.09739032032184203
10562,0.9845135132680533,0.009106879014620109,0.00637960771732672
10563,0.4967119406106176,0.21363502930599926,0.2896530300833831
10564,0.34865674523952656,0.2233963371147442,0.4279469176457294
10565,0.9570131529082794,0.0033864630861792995,0.03960038400554139
10566,0.03784615199606596,0.04135859611551836,0.9207952518884157
10567,0.7332691192465695,0.040193185426026325,0.22653769532740417
10568,0.9655782505919515,0.0036293837425098317,0.03079236566553884
10569,0.04089432705261853,0.040531848825338355,0.918573824122043
10570,0.34522349287147386,0.05405614301127858,0.6007203641172476
10571,0.20920108965260867,0.027335355655788027,0.7634635546916034
10572,0.6952181606001855,0.012914474776925916,0.29186736462288876
10573,0.5616806444384035,0.047665427310498346,0.3906539282510982
10574,0.3824511912068186,0.019974714470776447,0.597574094322405
10575,0.9164144147052047,0.037619356507767536,0.04596622878702788
10576,0.04386540665096233,0.035489214023770185,0.9206453793252675
10577,0.007700845487719288,0.0015965763904911255,0.9907025781217896
10578,0.9265023634202534,0.0042488697777567355,0.06924876680198985
10579,0.6456329722439574,0.03648786843899901,0.31787915931704364
10580,0.9392170933387333,0.00475487089059284,0.056028035770673966
10581,0.9428852662180104,0.004212474681755617,0.052902259100234196
10582,0.9188439965755698,0.008173722113206468,0.07298228131122364
10583,0.9149332365576018,0.007186294439759778,0.0778804690026383
10584,0.9164249881309641,0.010742616136288281,0.07283239573274762
10585,0.7406704861115002,0.013349627123642956,0.2459798867648569
10586,0.9803644700394184,0.006080846194132844,0.013554683766448816
10587,0.9636011093019421,0.011684994360945942,0.024713896337111924
10588,0.9223075247815914,0.00320758720576101,0.0744848880126476
10589,0.6719963337116506,0.07937330074925524,0.24863036553909415
10590,0.6760509278728415,0.01631013500705353,0.307638937120105
10591,0.8780484364419298,0.014831810112258313,0.10711975344581208
10592,0.8825481777829843,0.035839393954204025,0.08161242826281166
10593,0.19650354393475547,0.02138682749978676,0.7821096285654577
10594,0.958607964501249,0.003236923353081261,0.038155112145669655
10595,0.6242320818182759,0.02633647874072145,0.34943143944100263
10596,0.05559952102758672,0.024374568723613172,0.9200259102488002
10597,0.8362599283701508,0.012866166595950544,0.1508739050338986
10598,0.7894742674586561,0.008488239629409621,0.20203749291193437
10599,0.04777395377362739,0.010516766215117225,0.9417092800112553
10600,0.8012564212820966,0.006898321446635801,0.19184525727126758
10601,0.9476298449771388,0.022363530418124358,0.03000662460473687
10602,0.19962138868419313,0.08496307332855679,0.7154155379872501
10603,0.09776853445652293,0.05101811942782133,0.8512133461156558
10604,0.21423279981847299,0.04488243711663546,0.7408847630648915
10605,0.04465438216663157,0.011343730406351398,0.9440018874270171
10606,0.2615756623305753,0.05186743642446814,0.6865569012449567
10607,0.9472374990167366,0.018730724580524747,0.03403177640273885
10608,0.9199132827439721,0.011434370715668682,0.06865234654035922
10609,0.8226733309493752,0.0030862059101184444,0.17424046314050634
10610,0.010627282764129397,0.006034275730126301,0.9833384415057442
10611,0.939961879012518,0.009033111829168688,0.051005009158313304
10612,0.9239122245984116,0.0051868422154593115,0.0709009331861292
10613,0.028660632013551776,0.0027559970892480873,0.9685833708972001
10614,0.7412659820123022,0.04039555105682754,0.21833846693087042
10615,0.024325358331131756,0.00955212489795264,0.9661225167709154
10616,0.4722469090235002,0.021904684625103962,0.5058484063513959
10617,0.7365813886703552,0.032293430324396966,0.2311251810052479
10618,0.8740196050188792,0.030009652691450995,0.09597074228966992
10619,0.30553112136246746,0.05779713675465269,0.6366717418828799
10620,0.8644821870091781,0.012567898918232892,0.12294991407258908
10621,0.5190570856507674,0.08109066774680015,0.3998522466024325
10622,0.7764394591212526,0.0393197570956293,0.18424078378311823
10623,0.9630739841598009,0.017128697169254112,0.019797318670944978
10624,0.028736242245426376,0.004455325005515903,0.9668084327490578
10625,0.8795422034580913,0.006773422527107622,0.11368437401480115
10626,0.021911037166730544,0.01689726240585822,0.9611917004274112
10627,0.8793361673763922,0.024756042736505147,0.09590778988710268
10628,0.1745270519340759,0.014918979711030293,0.8105539683548939
10629,0.8218363813581392,0.005075911818845655,0.17308770682301514
10630,0.9235166615953553,0.036830437647998614,0.03965290075664609
10631,0.6104485181671268,0.04142790065143182,0.34812358118144165
10632,0.11787122780128666,0.020731843849276378,0.861396928349437
10633,0.8469530576593124,0.022054814169615158,0.1309921281710725
10634,0.9248897808065946,0.0035694781665934817,0.071540741026812
10635,0.15545637566826587,0.05146742915179021,0.793076195179944
10636,0.9769046438320889,0.012900049258709695,0.01019530690920139
10637,0.8338778777618461,0.07790582377254994,0.08821629846560404
10638,0.19394320422491726,0.010557805075373653,0.7954989906997091
10639,0.9527207532545924,0.005360408780472013,0.04191883796493567
10640,0.9494475777903122,0.006727441423399987,0.04382498078628786
10641,0.9669913816949499,0.0033446718516405762,0.029663946453409428
10642,0.9714485525333352,0.004959911838571431,0.023591535628093373
10643,0.08114241831111466,0.014090982411360458,0.9047665992775249
10644,0.9703398684382819,0.005475214792824276,0.024184916768893925
10645,0.5037709427055591,0.15166091270981477,0.3445681445846262
10646,0.5093131625996861,0.01633433298417065,0.4743525044161434
10647,0.9408445511248921,0.005841888005173154,0.053313560869935
10648,0.8653019419402903,0.007453095330506366,0.12724496272920335
10649,0.9851007277827988,0.003590212435930228,0.011309059781271136
10650,0.9302384031162099,0.004174184013759796,0.06558741287003043
10651,0.0937698849186659,0.15890014611523098,0.7473299689661032
10652,0.004602482891510153,0.004117117827196433,0.9912803992812935
10653,0.4822791069430073,0.01847025850043016,0.4992506345565625
10654,0.011856605539904844,0.0030116779548879026,0.9851317165052074
10655,0.9165584527476426,0.006407377088343535,0.07703417016401397
10656,0.041722773689164626,0.007764723512322383,0.9505125027985131
10657,0.8245696177619054,0.05105186671417259,0.12437851552392207
10658,0.4888941165768919,0.015204081404590364,0.4959018020185178
10659,0.9567796869107174,0.008462009399389733,0.03475830368989297
10660,0.8906942516851669,0.02502910387174979,0.08427664444308339
10661,0.021440149140589084,0.009710037011107725,0.9688498138483032
10662,0.6404078576739801,0.012700358130514984,0.346891784195505
10663,0.012044742807386969,0.004117570026132317,0.9838376871664807
10664,0.03126276973917432,0.004558139212198689,0.964179091048627
10665,0.2758406501075777,0.6024106032216567,0.12174874667076564
10666,0.4717913911257776,0.043271034223045034,0.4849375746511773
10667,0.3398591530582789,0.04928838136233935,0.6108524655793818
10668,0.9054936584135793,0.004053158927163846,0.09045318265925698
10669,0.9153362037415873,0.0045543837990171,0.08010941245939561
10670,0.7096453482149797,0.024489787849046724,0.2658648639359737
10671,0.4880392594380943,0.05892120126425191,0.4530395392976539
10672,0.1736488863234483,0.009619938301535048,0.8167311753750167
10673,0.5505418825137025,0.05045899036025689,0.39899912712604063
10674,0.8101892238842171,0.05924065274626426,0.13057012336951868
10675,0.9513194392921254,0.004832773933722825,0.04384778677415176
10676,0.9511719753066342,0.009000033885946763,0.03982799080741916
10677,0.017082706728857148,0.0026392948469646867,0.9802779984241782
10678,0.8247967524839281,0.006769463691754486,0.16843378382431742
10679,0.9545786169144521,0.004199881667403263,0.0412215014181446
10680,0.9832241858964884,0.00581901637338214,0.010956797730129354
10681,0.2754468829053207,0.019396898180954608,0.7051562189137248
10682,0.05759546345441734,0.034608056741981745,0.907796479803601
10683,0.011431022635580922,0.0038200739351166775,0.9847489034293025
10684,0.21228476629871465,0.6788906848045436,0.10882454889674177
10685,0.15125037722762782,0.008179900560005454,0.8405697222123668
10686,0.14112224354065303,0.023749855661375184,0.8351279007979717
10687,0.969771421868705,0.014293824556107537,0.015934753575187387
10688,0.9621469185259515,0.007858312170146488,0.029994769303902023
10689,0.917968867312542,0.011658234703532883,0.07037289798392511
10690,0.9449339571963268,0.0026910228864774175,0.052375019917195835
10691,0.6810753618787839,0.10344653010722595,0.21547810801399012
10692,0.66674330190724,0.10234307567133293,0.2309136224214272
10693,0.7316221236281651,0.012635650902868648,0.2557422254689662
10694,0.35509007349592153,0.03657667855580633,0.6083332479482723
10695,0.8080334854167709,0.05905835909882947,0.13290815548439974
10696,0.25716742324300096,0.01496042263259442,0.7278721541244048
10697,0.9796370189106146,0.002422662223959468,0.017940318865425943
10698,0.8149990648613961,0.06069740338955399,0.12430353174905007
10699,0.9456690331793892,0.010543432928647758,0.04378753389196305
10700,0.5386079540263019,0.02224145769679368,0.4391505882769044
10701,0.4047223649999106,0.02864133188768517,0.5666363031124043
10702,0.07750674088454725,0.07337247319706176,0.849120785918391
10703,0.8896942325807596,0.006473944297557718,0.1038318231216826
10704,0.9673503932346718,0.00882714541300106,0.023822461352327327
10705,0.2161005940579718,0.05233406720969714,0.7315653387323311
10706,0.951268879935463,0.018970007287860937,0.02976111277667592
10707,0.9631946313241105,0.010597308669457664,0.026208060006431704
10708,0.3678043383418428,0.021935800194679663,0.6102598614634777
10709,0.955877101213189,0.008417870465076863,0.03570502832173403
10710,0.29593663383076685,0.12653314658718193,0.5775302195820513
10711,0.706118716729713,0.048117496232149205,0.24576378703813787
10712,0.164366472400129,0.640326236447333,0.19530729115253803
10713,0.975934982879592,0.009228010383857666,0.014837006736550461
10714,0.9625455265812313,0.01749979269125759,0.01995468072751116
10715,0.9109139832632963,0.012678087915850855,0.07640792882085291
10716,0.9218362214414566,0.008560083489184096,0.06960369506935929
10717,0.902325674425941,0.020889987210166345,0.07678433836389269
10718,0.5941662934149007,0.16596840093176904,0.23986530565333045
10719,0.9449210154706753,0.012038376435060895,0.04304060809426378
10720,0.9082284494545474,0.016671566778450653,0.07509998376700201
10721,0.7516336740227195,0.02185465861431689,0.2265116673629637
10722,0.9354642404204249,0.005094364664706411,0.059441394914868766
10723,0.9484098485381477,0.02053628577223968,0.03105386568961258
10724,0.03817001168141113,0.010553881876888363,0.9512761064417005
10725,0.9573804005089298,0.004148826746997846,0.03847077274407233
10726,0.9745985983475937,0.005298969640803949,0.020102432011602545
10727,0.04587164864564882,0.007072087874852152,0.9470562634794991
10728,0.12779387633954795,0.032636936956185005,0.8395691867042671
10729,0.7315024208299398,0.026056376465861595,0.24244120270419883
10730,0.8599670311489693,0.04285852474837933,0.09717444410265146
10731,0.6006572214765866,0.01050759921083544,0.38883517931257794
10732,0.08291861463183413,0.006959562630093358,0.9101218227380726
10733,0.840459068889903,0.00621229548016801,0.15332863562992918
10734,0.9444119841779477,0.020214074567546505,0.035373941254505804
10735,0.31127353081111253,0.031287329056678616,0.6574391401322089
10736,0.42109257325821053,0.03168923569841071,0.5472181910433789
10737,0.970516077103344,0.0031937827015213215,0.02629014019513475
10738,0.4567857062332175,0.027165423407785227,0.5160488703589973
10739,0.9430585685795739,0.00633676172398277,0.050604669696443345
10740,0.8252297372700065,0.01654536853052718,0.15822489419946653
10741,0.6121189696746469,0.03139876443502785,0.3564822658903255
10742,0.09769052784727776,0.04647034636762056,0.8558391257851017
10743,0.9440164874184057,0.018421197460660652,0.03756231512093364
10744,0.3524070300154347,0.011064137648311238,0.636528832336254
10745,0.8487357910369914,0.006827991592577398,0.14443621737043122
10746,0.798283408130903,0.020888620696365157,0.180827971172732
10747,0.679117425271855,0.08640296838800433,0.23447960634014067
10748,0.877823993331368,0.009841226753899552,0.11233477991473251
10749,0.22420125312664388,0.04990369235055469,0.7258950545228015
10750,0.9787144733984644,0.004666136226112258,0.016619390375423374
10751,0.4730298525495882,0.0357414865035405,0.4912286609468713
10752,0.05876279629773628,0.007316107396014686,0.9339210963062491
10753,0.34437604200945443,0.052850860139689926,0.6027730978508558
10754,0.0355830296980883,0.029687273352309262,0.9347296969496025
10755,0.872781799512698,0.02550267489707424,0.10171552559022788
10756,0.881563780551727,0.0074223953900315045,0.11101382405824153
10757,0.8266122443763072,0.013458752158289235,0.15992900346540365
10758,0.3971760894396915,0.012278462351841903,0.5905454482084667
10759,0.9365327777483402,0.0062439742386867685,0.05722324801297323
10760,0.21205210154438328,0.08774907703997338,0.7001988214156434
10761,0.9725376358954751,0.0027490288459779046,0.024713335258546864
10762,0.6291217218481723,0.009510104756478744,0.361368173395349
10763,0.8052965677836957,0.013369204301402352,0.1813342279149018
10764,0.6078630042713218,0.037775690173051914,0.3543613055556264
10765,0.9380198657402176,0.005190325624257961,0.05678980863552458
10766,0.9817998610460669,0.002241461861654603,0.015958677092278443
10767,0.3775290512172896,0.4440696635010686,0.1784012852816419
10768,0.03112527610970012,0.006864096691894043,0.9620106271984058
10769,0.7958055011872442,0.05235313024301448,0.15184136856974131
10770,0.2353613929156985,0.44107805488491447,0.323560552199387
10771,0.010847421946743237,0.011609755282846867,0.9775428227704098
10772,0.7490796562693685,0.018401204195136137,0.23251913953549536
10773,0.22091687053374934,0.06537151159389455,0.7137116178723563
10774,0.8748710009073912,0.0083590656699214,0.11676993342268739
10775,0.8603635086447807,0.007611790887835796,0.1320247004673835
10776,0.6468208017832127,0.231122331404196,0.12205686681259147
10777,0.8290333659715612,0.012147931163721584,0.15881870286471722
10778,0.7157941086851974,0.04026163976109797,0.2439442515537047
10779,0.9426975529248318,0.01035176763951154,0.04695067943565672
10780,0.9722051964781006,0.0048650573046044475,0.022929746217294874
10781,0.9442588622541362,0.004154497676404093,0.051586640069459636
10782,0.22934559312178032,0.31137028421047114,0.45928412266774865
10783,0.3608797568043405,0.02184575956278614,0.6172744836328735
10784,0.01952535184150577,0.00437377406339991,0.9761008740950943
10785,0.9630640155541764,0.008990975721899637,0.027945008723923883
10786,0.32243098619588356,0.012048715883649487,0.6655202979204671
10787,0.36189216331574153,0.07726139021629685,0.5608464464679617
10788,0.872190524504767,0.018168718942716603,0.10964075655251639
10789,0.802885926268936,0.0994732655177027,0.09764080821336134
10790,0.18401237782981508,0.018198566806804966,0.7977890553633801
10791,0.16003736349998396,0.023993207996696964,0.8159694285033191
10792,0.7164582876397692,0.11969575942266422,0.1638459529375668
10793,0.9196756153420574,0.00803282086333453,0.07229156379460812
10794,0.8393430471930001,0.020198625526485752,0.14045832728051397
10795,0.9731371586973309,0.007760789439440805,0.019102051863228418
10796,0.0800394139038402,0.014326575682536598,0.9056340104136232
10797,0.9816843878077953,0.004826121937925672,0.013489490254278915
10798,0.8889542570550162,0.09604925523440788,0.014996487710576063
10799,0.9251305710176468,0.005971213767762562,0.06889821521459062
10800,0.23118416758027474,0.2108862257235254,0.5579296066962
10801,0.9428022362357189,0.0055399017664392635,0.05165786199784177
10802,0.4541640539049685,0.02180544457066433,0.5240305015243674
10803,0.02712955625801451,0.019413397944801795,0.9534570457971837
10804,0.8435457478404188,0.054760588548324295,0.10169366361125692
10805,0.39091831673285043,0.047331649256840434,0.5617500340103093
10806,0.9722972616802206,0.012376012645521267,0.015326725674258058
10807,0.9265139402508411,0.02847692457831089,0.04500913517084789
10808,0.3791256277006454,0.0070305076174791035,0.6138438646818755
10809,0.9311328186637524,0.043010212759386685,0.025856968576860893
10810,0.9688888544869023,0.0035117751710266602,0.02759937034207103
10811,0.9560370414007807,0.011211563034143385,0.03275139556507606
10812,0.49007626563463974,0.20230458715785343,0.3076191472075068
10813,0.47034625369357014,0.2641276075231264,0.2655261387833036
10814,0.9698173536800679,0.005934486179433782,0.02424816014049828
10815,0.17455636235450323,0.021093125502345336,0.8043505121431515
10816,0.9450207846597446,0.04204050834738052,0.012938706992874898
10817,0.742587587347137,0.008243385200271954,0.24916902745259098
10818,0.9714231116003463,0.0050710586418421105,0.023505829757811614
10819,0.9656337452555009,0.002333991354137223,0.03203226339036195
10820,0.9434818423522474,0.011481896209202183,0.04503626143855041
10821,0.10312906921005072,0.07873778805112946,0.8181331427388199
10822,0.009629579682277536,0.0034647111971496812,0.9869057091205727
10823,0.1205317848906952,0.03509412715624789,0.844374087953057
10824,0.13695988164896722,0.04371096005380427,0.8193291582972285
10825,0.7991615560992654,0.13449305459832375,0.06634538930241106
10826,0.49904022114940777,0.022254536036307435,0.4787052428142849
10827,0.8314423061592368,0.025437658008324083,0.14312003583243935
10828,0.7186416622331483,0.02306737206390275,0.2582909657029489
10829,0.034806851183064,0.02579637993388755,0.9393967688830485
10830,0.9545871190939131,0.005577255953338586,0.03983562495274826
10831,0.09006108764978704,0.008939920028092232,0.9009989923221208
10832,0.9659623250755062,0.014019870455407672,0.020017804469086246
10833,0.9095419851191209,0.012491039290938104,0.07796697558994117
10834,0.9030017826828142,0.01279933687473525,0.0841988804424507
10835,0.47132678416024876,0.030592350404464688,0.49808086543528657
10836,0.9552499245356281,0.0050945730148736264,0.039655502449498274
10837,0.05216230059090207,0.014847570547937755,0.9329901288611601
10838,0.019461133553629183,0.012800678367714,0.9677381880786569
10839,0.1145359128075502,0.020618242012720923,0.864845845179729
10840,0.8551811287730736,0.012618685373996831,0.13220018585292947
10841,0.06434129030032693,0.009448439206787937,0.9262102704928851
10842,0.5349298897580325,0.04823367438992844,0.41683643585203917
10843,0.12441152535967503,0.018551223616921318,0.8570372510234038
10844,0.8891921672785251,0.010600276576974784,0.1002075561445
10845,0.8894600464989357,0.007083659653551243,0.103456293847513
10846,0.8309128320235214,0.007822482658486585,0.1612646853179921
10847,0.9272669432192197,0.00998056161209914,0.06275249516868116
10848,0.8019359908593616,0.005994747977135306,0.19206926116350304
10849,0.9774335601406219,0.008213617352348723,0.014352822507029303
10850,0.03081129453119306,0.01575246536918898,0.9534362400996178
10851,0.6777739887492029,0.023647060801538482,0.2985789504492587
10852,0.9692776862651614,0.010278911451905121,0.0204434022829337
10853,0.5457656185867825,0.24548685677046805,0.20874752464274934
10854,0.9379716507984652,0.004096035476205293,0.057932313725329525
10855,0.020260364882288946,0.04222479782368422,0.9375148372940268
10856,0.8277887690526408,0.03818007994693553,0.13403115100042381
10857,0.09261390189490572,0.01285418223031097,0.8945319158747833
10858,0.006894608327057827,0.002974963076772007,0.9901304285961703
10859,0.9827944332405588,0.005269415159862229,0.011936151599579087
10860,0.8445907830428598,0.04027763034491926,0.11513158661222096
10861,0.6631474660595276,0.08564837050870079,0.25120416343177177
10862,0.9645142758533242,0.003746049245834424,0.03173967490084135
10863,0.9466035226020629,0.005164919853917761,0.0482315575440193
10864,0.9531027014695287,0.001782521355000308,0.04511477717547122
10865,0.952288689799148,0.009575408205133716,0.038135901995718126
10866,0.7209468222044305,0.013745157734091646,0.26530802006147797
10867,0.3857218191946005,0.033194424489621364,0.5810837563157781
10868,0.01775027631310916,0.007551913410719565,0.9746978102761713
10869,0.09103143565055691,0.0568348712539264,0.8521336930955168
10870,0.012759072005788201,0.005208515375029214,0.9820324126191826
10871,0.13449008164882342,0.07623462368774879,0.7892752946634278
10872,0.24888776560269799,0.1445733562112915,0.6065388781860106
10873,0.8733363007992085,0.01617944083143398,0.11048425836935745
10874,0.22631246113175774,0.04827281645805052,0.7254147224101917
10875,0.838031287630458,0.009364986947643572,0.15260372542189862
10876,0.0702363605556354,0.025504798359592035,0.9042588410847726
10877,0.19706452802600308,0.0396314701517206,0.7633040018222762
10878,0.02237239449763272,0.009133894261569424,0.9684937112407977
10879,0.07786367167826007,0.04003883499758807,0.8820974933241519
10880,0.40167089360226615,0.10976394908211574,0.48856515731561817
10881,0.5886324381037026,0.08454151671898504,0.32682604517731245
10882,0.047378318919325875,0.008606330542959485,0.9440153505377147
10883,0.4046772954014178,0.014676824335744788,0.5806458802628375
10884,0.6041315853465021,0.008805124295403902,0.387063290358094
10885,0.9633922047491383,0.007125120353752142,0.02948267489710966
10886,0.5975218097638673,0.07212342965224221,0.3303547605838906
10887,0.970150000938815,0.018765066448761244,0.011084932612423921
10888,0.1275709265831275,0.02419518333385925,0.8482338900830133
10889,0.6790986465410134,0.13352826355319627,0.18737308990579035
10890,0.028441066285874388,0.004071365674267159,0.9674875680398584
10891,0.7778168867899238,0.010111521504375139,0.2120715917057011
10892,0.442570224897564,0.051281379956409225,0.5061483951460268
10893,0.9793334554885311,0.006936511040675515,0.013730033470793416
10894,0.9531675387035802,0.005976108632557088,0.040856352663862866
10895,0.9632204662901095,0.006727581809018394,0.03005195190087215
10896,0.9241561667566739,0.02987611568546823,0.04596771755785788
10897,0.8093385051566718,0.014768882870977608,0.1758926119723505
10898,0.9676360911364099,0.010497382845011434,0.02186652601857857
10899,0.15617755082866044,0.05330338742733865,0.790519061744001
10900,0.6337537772157561,0.024637288410990214,0.3416089343732537
10901,0.8420503272849234,0.06672691465562104,0.09122275805945565
10902,0.9766607236046154,0.0075048827821830545,0.015834393613201426
10903,0.0184104330653866,0.016847378050235704,0.9647421888843778
10904,0.9446602649298297,0.007446506587130422,0.04789322848303979
10905,0.9236412729442677,0.03093538344618326,0.04542334360954901
10906,0.5595729509591345,0.06987335088781306,0.37055369815305256
10907,0.2807989021095567,0.03200815654063871,0.6871929413498045
10908,0.05027371623247785,0.05704057263426791,0.8926857111332543
10909,0.6242466866348357,0.016554719299931502,0.35919859406523286
10910,0.41446685702482206,0.14051616204818693,0.44501698092699116
10911,0.9078861521714003,0.0076357176660131814,0.0844781301625865
10912,0.36825637147499335,0.3669584227481305,0.2647852057768763
10913,0.9676251152067509,0.0071849724258410035,0.02518991236740815
10914,0.6507361174927894,0.027611756719943967,0.3216521257872667
10915,0.433984674241294,0.017478590664622713,0.5485367350940834
10916,0.14208957883344026,0.007722546873882193,0.8501878742926776
10917,0.7752503509922833,0.08183744972691172,0.14291219928080498
10918,0.9732389135304093,0.004257265079376814,0.022503821390213976
10919,0.4862734671094567,0.034488952552806824,0.4792375803377366
10920,0.9675763326740078,0.004768702153847128,0.027654965172145093
10921,0.5842085178351323,0.028922750804839095,0.3868687313600287
10922,0.972099815161127,0.0037949998835896046,0.02410518495528356
10923,0.15087209702802348,0.03503272152495645,0.8140951814470201
10924,0.6943940959274952,0.009165872919825931,0.2964400311526789
10925,0.9397153030003705,0.00984548664555123,0.050439210354078154
10926,0.7778297978426167,0.02376310040855387,0.19840710174882956
10927,0.3531973367072274,0.1372638489500827,0.5095388143426899
10928,0.9788518078225293,0.00865651763103316,0.012491674546437613
10929,0.5738332986031577,0.026421935543691873,0.3997447658531505
10930,0.11492348344606469,0.006881473845683062,0.8781950427082522
10931,0.9763246873247363,0.009366279737882875,0.014309032937380837
10932,0.0903892462544097,0.018975447302473174,0.8906353064431171
10933,0.5851524609772368,0.020439047385348706,0.39440849163741454
10934,0.07449786553789065,0.03274057188017322,0.8927615625819362
10935,0.5352308522547372,0.1822459918027027,0.2825231559425602
10936,0.8538753980157406,0.007959755869479947,0.1381648461147796
10937,0.937246680321007,0.012151396940137551,0.05060192273885557
10938,0.6490420413212168,0.015650614032243864,0.33530734464653933
10939,0.9773288437977095,0.0030774815554725377,0.019593674646817952
10940,0.1898731128658841,0.0511085452270582,0.7590183419070576
10941,0.9846616832698827,0.004328898000393675,0.011009418729723613
10942,0.8436982232029934,0.03619568548370521,0.12010609131330156
10943,0.9465586827517022,0.008895509255346797,0.04454580799295101
10944,0.9746349148726785,0.007044961759676345,0.018320123367645092
10945,0.9522645381076875,0.01091521031998406,0.03682025157232843
10946,0.8827444495004978,0.010442496049801327,0.10681305444970092
10947,0.09277367568750855,0.11738455104467745,0.789841773267814
10948,0.20593175590072743,0.5804735973940112,0.21359464670526143
10949,0.7640156168443576,0.12768374037423275,0.10830064278140977
10950,0.8884831383234846,0.09075959465528317,0.020757267021232328
10951,0.20041835426575516,0.2193085984095313,0.5802730473247136
10952,0.44164798318348775,0.02714583671502654,0.5312061801014859
10953,0.8845114615855723,0.0403574091072157,0.07513112930721212
10954,0.4677487970435418,0.02677524259953507,0.5054759603569233
10955,0.8365636754414834,0.014121547991608268,0.14931477656690836
10956,0.9544614146365088,0.004135660027433786,0.04140292533605743
10957,0.8555102051378737,0.00543939193684085,0.1390504029252854
10958,0.8959299738490386,0.0035988535011493316,0.10047117264981205
10959,0.6352407852196632,0.2221878075357677,0.14257140724456915
10960,0.943238246315811,0.011924975831606599,0.044836777852582416
10961,0.9394257157557516,0.007637298093938329,0.05293698615031018
10962,0.9845597240232185,0.003388075482034148,0.012052200494747502
10963,0.5467462369658215,0.1222945047690168,0.33095925826516187
10964,0.969556986534806,0.0037908020988071363,0.02665221136638669
10965,0.8946591943927461,0.047887983572296726,0.05745282203495712
10966,0.9305474547509984,0.006537031092613255,0.06291551415638826
10967,0.8143741900480946,0.005947281661645077,0.1796785282902602
10968,0.16945792535042825,0.04820844071658558,0.7823336339329862
10969,0.770239657581412,0.08290758912102031,0.14685275329756778
10970,0.028784487311623325,0.04419582230738096,0.9270196903809956
10971,0.11269308624065885,0.012883330785710167,0.874423582973631
10972,0.052342230747099164,0.03267777623170682,0.914979993021194
10973,0.11706698628812602,0.06370633756946721,0.8192266761424069
10974,0.746441178154423,0.020134164048154407,0.2334246577974226
10975,0.33721777341919873,0.07461903002188734,0.588163196558914
10976,0.098867223078187,0.028213277157116936,0.872919499764696
10977,0.982632409861084,0.0037771507538882465,0.013590439385027778
10978,0.6481771794083199,0.0357060008805237,0.3161168197111565
10979,0.7375329283381883,0.018744218960643044,0.2437228527011687
10980,0.8093840647159454,0.05830179055482224,0.13231414472923256
10981,0.6128745590834727,0.04902392740816118,0.3381015135083662
10982,0.9184423920401399,0.018863801433555944,0.06269380652630416
10983,0.023783427910490186,0.012102679348630676,0.9641138927408791
10984,0.9845442344835194,0.007404357518684381,0.008051407997796306
10985,0.035329578455130566,0.004471186589454663,0.9601992349554148
10986,0.9343049433925835,0.03760663227392989,0.028088424333486618
10987,0.006441901772855431,0.0041892806157514785,0.9893688176113932
10988,0.87728061604781,0.019882177101784547,0.10283720685040547
10989,0.795308075222823,0.048698872217901444,0.15599305255927562
10990,0.10838638520387996,0.10188662431016948,0.7897269904859505
10991,0.959294397916794,0.00923738845736924,0.03146821362583666
10992,0.03321280656785348,0.007215780988470299,0.9595714124436762
10993,0.9566410110258569,0.006553565087992455,0.0368054238861506
10994,0.9553829936181045,0.018473529617049875,0.026143476764845703
10995,0.7452650468788327,0.025678462825319496,0.22905649029584793
10996,0.017547209222245484,0.003498907589924415,0.9789538831878302
10997,0.9702308061914356,0.006500521579280176,0.023268672229284054
10998,0.9479309273598827,0.028671741343244513,0.023397331296872884
10999,0.2319828992072578,0.17913817873583127,0.588878922056911
11000,0.49949752764101096,0.0879023718586499,0.4126001005003391
11001,0.9512611802375633,0.008806686575615475,0.0399321331868211
11002,0.30564448330817423,0.12111033395085082,0.5732451827409751
11003,0.9536726884926384,0.0031272355394387106,0.04320007596792285
11004,0.7804674418189218,0.03353584137374386,0.18599671680733446
11005,0.13735024971966658,0.004789479038470227,0.8578602712418633
11006,0.9886181038896026,0.00582173420732728,0.0055601619030701
11007,0.9706360093966862,0.0053264830154724834,0.02403750758784129
11008,0.5673543168231667,0.099777755009206,0.3328679281676274
11009,0.9813569127167848,0.0048530664206853915,0.013790020862529721
11010,0.8271884199588287,0.04411084062519013,0.12870073941598123
11011,0.9701936299509076,0.00944025518938261,0.02036611485970984
11012,0.7856935633580733,0.1203702141372685,0.09393622250465834
11013,0.948148070158889,0.004580934654812163,0.047270995186298785
11014,0.7807816584060073,0.03911477594154009,0.18010356565245264
11015,0.9674546832577043,0.002055263301474696,0.030490053440820883
11016,0.8248514064271781,0.03545782850011896,0.13969076507270287
11017,0.8308351629757691,0.012915251424425143,0.15624958559980576
11018,0.49328984108845747,0.1898006883535369,0.31690947055800567
11019,0.7997812116536981,0.0038237571806291003,0.19639503116567286
11020,0.24585654693009065,0.022975293482753383,0.7311681595871561
11021,0.17125605531060506,0.010627577391579875,0.8181163672978151
11022,0.8929559543309875,0.007479475550562757,0.09956457011844964
11023,0.06403449521861006,0.030510614863265045,0.905454889918125
11024,0.30171529548832204,0.46886012999600474,0.2294245745156733
11025,0.9769745757494529,0.005080988056185762,0.017944436194361448
11026,0.7089671714485534,0.10811353478105858,0.18291929377038815
11027,0.8652208866591322,0.04746893920558486,0.08731017413528298
11028,0.8744896224767157,0.00593705785785739,0.1195733196654269
11029,0.3239082728895402,0.02334678481554688,0.652744942294913
11030,0.9260392410100968,0.0374458462555689,0.0365149127343343
11031,0.023500672967959626,0.005659845139788868,0.9708394818922516
11032,0.8806951306983667,0.006574135403052403,0.11273073389858095
11033,0.9671687316155301,0.011769812808506195,0.021061455575963808
11034,0.9375438849199557,0.014905415737860651,0.04755069934218382
11035,0.9507132628507441,0.009070919598205354,0.040215817551050546
11036,0.03893318819011942,0.011852246599494827,0.9492145652103858
11037,0.5312083805185053,0.08631235503155744,0.38247926444993735
11038,0.1408828028204412,0.019124622377426993,0.8399925748021319
11039,0.2907319529608113,0.019551888196119322,0.6897161588430695
11040,0.009818073415332697,0.0035256656596650052,0.9866562609250024
11041,0.011096568617599611,0.003150671832429963,0.9857527595499705
11042,0.19698261686798937,0.019365604494131803,0.7836517786378788
11043,0.8412709296576877,0.03580281744265929,0.12292625289965299
11044,0.9363235972578184,0.007237106226442684,0.05643929651573905
11045,0.5425420832017914,0.08909353364480319,0.3683643831534056
11046,0.8267648486005897,0.002789606258022691,0.17044554514138757
11047,0.7115793817571517,0.012874638346100593,0.27554597989674773
11048,0.129216705641887,0.008303806767209617,0.8624794875909034
11049,0.795388409518585,0.08453168003898946,0.12007991044242562
11050,0.9866106260834967,0.004420966666180424,0.00896840725032298
11051,0.959467972461917,0.004408567444329724,0.036123460093753244
11052,0.768228663582628,0.006817440216993765,0.22495389620037837
11053,0.058517015292470394,0.012304530528046689,0.929178454179483
11054,0.0745935975330623,0.13547320688128586,0.789933195585652
11055,0.3670240712125013,0.015010680122695035,0.6179652486648036
11056,0.9493199572629778,0.006985618294997403,0.04369442444202486
11057,0.7434145372639406,0.04829216575139594,0.20829329698466356
11058,0.9078165220770088,0.03979730191017312,0.05238617601281805
11059,0.2890586283596594,0.08371178314586378,0.6272295884944769
11060,0.816280098752725,0.0356085240243425,0.14811137722293255
11061,0.8981744853808834,0.0071702032935163215,0.0946553113256004
11062,0.06888754292939317,0.008764667598321544,0.9223477894722855
11063,0.1477888963085385,0.015021267804357226,0.8371898358871043
11064,0.9832576260043024,0.0029395364636628034,0.013802837532034581
11065,0.5462692333152529,0.019995077633957827,0.43373568905078935
11066,0.680730052312491,0.03759374400766581,0.28167620367984325
11067,0.9841478909231466,0.0031729489348945915,0.012679160141958712
11068,0.8351323565145619,0.06016634979180407,0.10470129369363405
11069,0.0028490912653779186,0.0015620930080362599,0.995588815726586
11070,0.3980748462226172,0.046492962855311765,0.5554321909220711
11071,0.5771662188238107,0.2448039476120375,0.17802983356415192
11072,0.030278450769243518,0.0042815218184400925,0.9654400274123164
11073,0.9469641658416551,0.03285198731891389,0.020183846839431
11074,0.7835839517826441,0.016312907409426456,0.20010314080792962
11075,0.8866364059638656,0.0059494056290281165,0.10741418840710619
11076,0.011895796008268013,0.006371721681868044,0.981732482309864
11077,0.9322106883932317,0.004824310398517185,0.06296500120825117
11078,0.2753357743629586,0.1344144707180783,0.5902497549189631
11079,0.9604122811791281,0.0020854088703506786,0.03750230995052132
11080,0.019161616599810152,0.003872453460429797,0.9769659299397601
11081,0.1659607554992258,0.011153850007276225,0.8228853944934981
11082,0.38654868361621414,0.38893933355074944,0.22451198283303656
11083,0.9267395341255343,0.010682532674464524,0.06257793320000109
11084,0.46033858688007784,0.14494956529585126,0.39471184782407087
11085,0.23650549848684946,0.0757837471058107,0.6877107544073399
11086,0.7482529443021597,0.1287395749287173,0.12300748076912303
11087,0.03463499773039465,0.009461360482786643,0.9559036417868187
11088,0.8212834483960993,0.02384088226002228,0.15487566934387842
11089,0.9617626759663099,0.0063281581936305885,0.03190916584005955
11090,0.4494976309262446,0.007206170557492178,0.5432961985162633
11091,0.587056962944244,0.04647010105866158,0.36647293599709435
11092,0.8825220943939706,0.03486823885671927,0.08260966674931026
11093,0.4258036516549611,0.009050847631071366,0.5651455007139675
11094,0.9738144157568228,0.002503194639113368,0.023682389604063703
11095,0.9548784634638486,0.0074433810694251425,0.03767815546672622
11096,0.3913237672933417,0.02632856577925297,0.5823476669274054
11097,0.9076889645866395,0.002999698946022195,0.08931133646733842
11098,0.9788575712207092,0.004760000738008863,0.016382428041282104
11099,0.9284247638521022,0.010512045851278577,0.06106319029661919
11100,0.041258318464861256,0.012714678006447306,0.9460270035286914
11101,0.4487469884218648,0.020245638079137075,0.5310073734989982
11102,0.03516759094174836,0.006945460318372265,0.9578869487398793
11103,0.9588865744739424,0.009420078792338802,0.03169334673371876
11104,0.029734080678101436,0.005985610733403057,0.9642803085884956
11105,0.9600189604605918,0.002611987802895901,0.03736905173651229
11106,0.6630259996068837,0.1345048465517808,0.20246915384133565
11107,0.5620183831000233,0.4025931597361141,0.035388457163862665
11108,0.16752243993509228,0.046985859803589054,0.7854917002613188
11109,0.3252812323042137,0.01039979610883285,0.6643189715869535
11110,0.9266382856120264,0.011138125792744506,0.06222358859522902
11111,0.9419131662124358,0.009926953371660267,0.04815988041590393
11112,0.15290135826990942,0.014058425386933096,0.8330402163431575
11113,0.9630252210201661,0.0036977447380108284,0.03327703424182311
11114,0.9566244717940836,0.016918163475244063,0.02645736473067239
11115,0.968815446086008,0.005067419485131731,0.026117134428860336
11116,0.6677139333111138,0.041086620403386946,0.29119944628549926
11117,0.9555889386985631,0.0102164059552557,0.03419465534618101
11118,0.059166910311055115,0.005524976294203393,0.9353081133947415
11119,0.9629417307974689,0.006070409092189577,0.030987860110341475
11120,0.9093968774815983,0.021824287595342405,0.06877883492305943
11121,0.2942640744405861,0.018020403999949464,0.6877155215594645
11122,0.5024159727293944,0.1478117163183151,0.34977231095229044
11123,0.949709752448356,0.016788133272269738,0.03350211427937439
11124,0.26764461484608587,0.037053297952544945,0.6953020872013693
11125,0.5634642081989867,0.028296628812855492,0.40823916298815793
11126,0.911252497279566,0.004014021620654312,0.08473348109977961
11127,0.9263749099437245,0.03665766762763135,0.03696742242864402
11128,0.9266043770368882,0.02426298756023107,0.049132635402880626
11129,0.5069125512537883,0.01209731666320619,0.4809901320830055
11130,0.3557792467368543,0.029622238925916807,0.6145985143372291
11131,0.9691006797625287,0.0031422917409738176,0.027757028496497457
11132,0.26355533814943227,0.006486464350137813,0.72995819750043
11133,0.3782961271951984,0.02974685166021023,0.5919570211445914
11134,0.09073604463825881,0.011936379935205093,0.8973275754265361
11135,0.038450000494834706,0.01851630569900412,0.9430336938061611
11136,0.5047293273865384,0.023162658032861525,0.47210801458060014
11137,0.9550292014149959,0.0031874081012754373,0.04178339048372865
11138,0.017917061878347046,0.002895769379334687,0.9791871687423183
11139,0.8928490692317225,0.02535554460025879,0.08179538616801886
11140,0.9763543660066899,0.0044101559823432465,0.01923547801096692
11141,0.9546327302142675,0.01673119377048637,0.028636076015245985
11142,0.11413444385963802,0.008840139476713508,0.8770254166636485
11143,0.2784441475742473,0.008500401599421,0.7130554508263317
11144,0.04123611757743046,0.01157050354411191,0.9471933788784577
11145,0.5629166520154588,0.06284056818934969,0.37424277979519155
11146,0.07270190633025293,0.026093318417981775,0.9012047752517652
11147,0.9627756054759621,0.007304945031706178,0.02991944949233157
11148,0.3626082762937395,0.1400036921574467,0.49738803154881384
11149,0.9494020526398194,0.005463011967982271,0.04513493539219831
11150,0.09188128157920099,0.047247899498251755,0.8608708189225474
11151,0.951476868901657,0.004697441084608543,0.04382569001373443
11152,0.83295539835499,0.006381243712309964,0.16066335793269998
11153,0.3663905651632329,0.12584270469672892,0.5077667301400383
11154,0.17725447028175753,0.1365765415650211,0.6861689881532215
11155,0.9828607323191659,0.005247994992603789,0.011891272688230222
11156,0.9790600601389697,0.005997436746004311,0.014942503115025815
11157,0.8993470445598221,0.013873471096262685,0.08677948434391526
11158,0.015567680628649726,0.016635600985520266,0.9677967183858299
11159,0.9459279852479953,0.01036168889286528,0.043710325859139455
11160,0.050226873161684935,0.012168924321605235,0.93760420251671
11161,0.9255718694170588,0.03832711402232102,0.03610101656062023
11162,0.0112618100114468,0.009643921822480837,0.9790942681660723
11163,0.8323637966773351,0.04155822962051708,0.126077973702148
11164,0.25286591643579864,0.008862401600848443,0.738271681963353
11165,0.9177206523215415,0.04975315056428575,0.03252619711417268
11166,0.059407559908708975,0.036003175199776444,0.9045892648915145
11167,0.9205369557762166,0.03159479454366008,0.04786824968012338
11168,0.6705749948902636,0.03244768516532816,0.29697731994440824
11169,0.9782021968548406,0.0024127435673970406,0.019385059577762397
11170,0.05190374036344172,0.00526195653880033,0.942834303097758
11171,0.9028960406575982,0.0074700739760945175,0.0896338853663072
11172,0.028469001921056128,0.0077665289636669145,0.9637644691152769
11173,0.17815740511015787,0.015102849995576413,0.8067397448942657
11174,0.011469902487538685,0.011084880101621626,0.9774452174108398
11175,0.6913784513869924,0.10577101122139176,0.20285053739161574
11176,0.8917524220236617,0.00898012374150591,0.0992674542348324
11177,0.8481348472158108,0.010936991127674,0.14092816165651526
11178,0.022559672040829936,0.003923655755289209,0.9735166722038809
11179,0.7872284930761466,0.042787484373814764,0.16998402255003867
11180,0.9130234405164891,0.010873818146108888,0.07610274133740219
11181,0.7529996558585248,0.15663429711528562,0.09036604702618961
11182,0.03715831094215167,0.006027424686118066,0.9568142643717302
11183,0.7701224311676669,0.03635355038304394,0.19352401844928924
11184,0.9224512353050166,0.004829422119755519,0.07271934257522791
11185,0.13574681357074173,0.039456912671771094,0.8247962737574872
11186,0.8705348221920587,0.0428609195407633,0.08660425826717814
11187,0.1749103480454717,0.01185426980169087,0.8132353821528374
11188,0.6493761412481182,0.04175945049163703,0.30886440826024486
11189,0.9610182963123447,0.0028980325274939388,0.036083671160161486
11190,0.8747562316108207,0.011174631012045981,0.11406913737713341
11191,0.3454498177242119,0.02298293332438657,0.6315672489514016
11192,0.1305464336177269,0.6957048070320481,0.1737487593502251
11193,0.14128325631884522,0.08440441402204323,0.7743123296591116
11194,0.9638772367376608,0.012153502700714946,0.023969260561624312
11195,0.6182444168771424,0.03643115264457129,0.3453244304782865
11196,0.822592344277386,0.010912545127581249,0.1664951105950327
11197,0.7821142388246333,0.018929638223813692,0.19895612295155315
11198,0.9206533048926755,0.025376562399547425,0.05397013270777715
11199,0.023104147026611715,0.006263312074623166,0.970632540898765
11200,0.16973425144846363,0.045582513965420714,0.7846832345861158
11201,0.01242700073184787,0.001575898703332577,0.9859971005648196
11202,0.2503154983151235,0.020284945806714305,0.7293995558781623
11203,0.5200606014996175,0.048770837505780235,0.43116856099460227
11204,0.9799551351699015,0.007518048558798541,0.012526816271299972
11205,0.38509005897010806,0.039401964735132154,0.5755079762947599
11206,0.7592600470953348,0.127856343148068,0.11288360975659725
11207,0.6471018041841824,0.0200148252441997,0.33288337057161804
11208,0.023693599734097685,0.011994069505695468,0.964312330760207
11209,0.9555412769251591,0.022044397319417996,0.022414325755422796
11210,0.693737282002788,0.010279926436249035,0.2959827915609632
11211,0.005890282052762799,0.002087530688332766,0.9920221872589046
11212,0.016723604873360564,0.0034814230638262056,0.9797949720628133
11213,0.03669449753480774,0.06770657502531317,0.8955989274398791
11214,0.3021185601878728,0.016750235037524357,0.6811312047746029
11215,0.8342999735667954,0.03096603192849982,0.13473399450470486
11216,0.331667742892407,0.009628184631997088,0.6587040724755959
11217,0.2940042501883251,0.03220053240072164,0.6737952174109533
11218,0.9442228021138723,0.013152983803256272,0.04262421408287132
11219,0.9314560269595861,0.028342438813843792,0.04020153422657013
11220,0.9426492541784369,0.01311344441305666,0.04423730140850641
11221,0.04070862704662796,0.011625097993923165,0.947666274959449
11222,0.9390719861914861,0.0037422592678215062,0.057185754540692364
11223,0.41167258666871814,0.017907954450715094,0.5704194588805668
11224,0.9620838950119237,0.005119891851578025,0.0327962131364983
11225,0.29469239694481186,0.07381129082974776,0.6314963122254406
11226,0.9400038823809835,0.006741900429438548,0.053254217189577936
11227,0.012115686687690235,0.0033269461606613196,0.9845573671516485
11228,0.9575012431647602,0.01064957304157708,0.031849183793662826
11229,0.8191046562343318,0.00602220964751152,0.17487313411815666
11230,0.05112522960027987,0.005948166804596069,0.9429266035951241
11231,0.4122338387003012,0.574003030774625,0.013763130525073957
11232,0.9295653135739548,0.012683034417585863,0.057751652008459296
11233,0.7306910873472318,0.028490497818662242,0.24081841483410596
11234,0.9536375884122833,0.004387288128040063,0.04197512345967666
11235,0.15382119333815678,0.34681697726680455,0.49936182939503876
11236,0.2816568007188622,0.05859677443846727,0.6597464248426707
11237,0.9134309725295106,0.022347353028478845,0.06422167444201063
11238,0.8024228688346249,0.017475695384511013,0.18010143578086432
11239,0.97571568805756,0.004923650575637869,0.019360661366802232
11240,0.8386565149682448,0.03172794962421854,0.1296155354075368
11241,0.14246740948496642,0.1522383790266976,0.7052942114883359
11242,0.9533263965133886,0.00716862240620036,0.03950498108041106
11243,0.6033250111108049,0.008825773718589707,0.38784921517060544
11244,0.9656993879825259,0.014694441157384419,0.019606170860089703
11245,0.8416009458938687,0.031177566074098242,0.127221488032033
11246,0.8783956934047151,0.004610743163778678,0.11699356343150615
11247,0.780361436171436,0.03823074552798041,0.18140781830058356
11248,0.9598732607488726,0.006073346175149775,0.034053393075977816
11249,0.9693981614288102,0.002503118884593309,0.028098719686596517
11250,0.9732007532172166,0.002804329933301805,0.023994916849481594
11251,0.2063083408222113,0.011888358814425754,0.781803300363363
11252,0.38452759168909717,0.02223932945513701,0.5932330788557659
11253,0.9534453457556754,0.012456711100930965,0.034097943143393566
11254,0.3046131296452721,0.018161575074668684,0.6772252952800593
11255,0.09067872174158237,0.04841261554602954,0.8609086627123881
11256,0.911998487985409,0.007427437150043082,0.08057407486454793
11257,0.7873446504747043,0.009869790902910442,0.2027855586223853
11258,0.05065985298979259,0.0046702885882335754,0.9446698584219739
11259,0.046341453421430555,0.0077754093803954595,0.945883137198174
11260,0.91125082041016,0.004090077071072326,0.0846591025187677
11261,0.2710107955519506,0.03288591747032318,0.6961032869777263
11262,0.1254475415512066,0.011594541905330087,0.8629579165434634
11263,0.9304004591185427,0.03325579247420533,0.036343748407252026
11264,0.97744175186107,0.0029750050251341454,0.019583243113795848
11265,0.8184679158869329,0.038987096664806625,0.14254498744826052
11266,0.9545438742776288,0.014283592646610851,0.031172533075760407
11267,0.6857853023227015,0.13227199972234097,0.18194269795495754
11268,0.6945036355746231,0.009661797947647122,0.29583456647772993
11269,0.5194020965796599,0.4630465251562925,0.017551378264047717
11270,0.046169265506753904,0.021291269920011093,0.932539464573235
11271,0.16579093828756308,0.6856605655374275,0.1485484961750095
11272,0.9438385352803845,0.020101193535337836,0.0360602711842776
11273,0.9545899154574918,0.013327039897092647,0.03208304464541558
11274,0.9083397967606065,0.003629646943851846,0.08803055629554173
11275,0.07424518294313336,0.06266496991049415,0.8630898471463724
11276,0.9813198883763462,0.005054026149206062,0.013626085474447687
11277,0.12527463963492008,0.03974199193980452,0.8349833684252755
11278,0.9404776166796325,0.007717816293440579,0.05180456702692708
11279,0.096238437214493,0.07015416910670927,0.8336073936787979
11280,0.017603005251080283,0.0029962470060493707,0.9794007477428703
11281,0.023364789154077276,0.0034875621110005525,0.9731476487349223
11282,0.9327458704825208,0.02526975329449743,0.041984376222981915
11283,0.7751387838306363,0.16690729295322024,0.057953923216143614
11284,0.5002257743348296,0.2936688955386102,0.2061053301265602
11285,0.494605339374316,0.027417115057667207,0.4779775455680169
11286,0.9687660522994694,0.011597637287709184,0.019636310412821427
11287,0.3483840522836133,0.00745539571630418,0.6441605520000826
11288,0.40662239735536704,0.03489344894932016,0.5584841536953128
11289,0.3573958831522705,0.02393764956153086,0.6186664672861987
11290,0.530098392231038,0.1667374661152895,0.3031641416536725
11291,0.11124639325337167,0.01654908133525869,0.8722045254113696
11292,0.9497911166903166,0.006435181178824968,0.04377370213085854
11293,0.6855210027101166,0.032325677063512616,0.2821533202263708
11294,0.05921052552603218,0.011683378070565164,0.9291060964034026
11295,0.9527121424579469,0.003092380689903185,0.044195476852149904
11296,0.08521993737215547,0.010594146364185722,0.9041859162636589
11297,0.8788186914781634,0.05586391129783042,0.06531739722400619
11298,0.08047017147755847,0.03829352087520802,0.8812363076472335
11299,0.020450001837778096,0.00574765884575947,0.9738023393164624
11300,0.5369070413475234,0.04861135617468775,0.4144816024777889
11301,0.09955194225927362,0.017344305351438077,0.8831037523892884
11302,0.7463300682324907,0.009926032935513527,0.24374389883199574
11303,0.9131098692359446,0.008939180260924679,0.07795095050313074
11304,0.8521304565471405,0.017200529229623437,0.13066901422323615
11305,0.04449079550759635,0.014194251473868826,0.9413149530185349
11306,0.197127964362548,0.0530463925210791,0.7498256431163729
11307,0.6719358253674049,0.011664820140031137,0.31639935449256396
11308,0.9869486928186165,0.005437936224002034,0.007613370957381504
11309,0.0907254818607165,0.01617763305751534,0.8930968850817682
11310,0.8872450207501387,0.03941203258275116,0.07334294666711026
11311,0.6298517888877695,0.007525988042497845,0.3626222230697328
11312,0.8820901919240717,0.038162699375874666,0.07974710870005366
11313,0.01050561336607087,0.0038300804829298307,0.9856643061509993
11314,0.9228833037560771,0.007937566288131396,0.0691791299557914
11315,0.8362355455871407,0.034131215176287866,0.1296332392365715
11316,0.9554598293162037,0.003857642260320856,0.04068252842347551
11317,0.9093980105674309,0.012320950158969685,0.07828103927359949
11318,0.10424217567575644,0.023265980887735273,0.8724918434365084
11319,0.9792143524387558,0.004825479554039984,0.01596016800720427
11320,0.934213990402324,0.0090616577238409,0.0567243518738352
11321,0.8503261247877278,0.015051269173092277,0.13462260603918
11322,0.14297338870652168,0.017911521216751655,0.8391150900767267
11323,0.025547680188329445,0.026848273115052345,0.9476040466966181
11324,0.1034739439462103,0.10188356203873292,0.7946424940150568
11325,0.09476329990277477,0.2837001305716345,0.6215365695255909
11326,0.9643128060217608,0.01574508005588569,0.019942113922353424
11327,0.9837111151526844,0.006801988345149344,0.009486896502166218
11328,0.8938382405122086,0.0164046894911441,0.08975706999664729
11329,0.6616846405278174,0.016578675422506996,0.32173668404967565
11330,0.9852204529386713,0.005190321227416917,0.009589225833911797
11331,0.37784698965670616,0.022332952022545965,0.5998200583207479
11332,0.048662411660526116,0.012843862437851423,0.9384937259016225
11333,0.1659194388087615,0.008370479988628367,0.8257100812026102
11334,0.05314378091749378,0.030714081424685576,0.9161421376578207
11335,0.4435518285680221,0.012743466088389428,0.5437047053435885
11336,0.6099582180555282,0.09598633301439648,0.2940554489300753
11337,0.6422201544557515,0.16244398220713893,0.19533586333710953
11338,0.6248374990678732,0.14238382978458217,0.2327786711475446
11339,0.025839249601207776,0.0225832267686069,0.9515775236301854
11340,0.14808004386165077,0.007522783830038694,0.8443971723083107
11341,0.9803122629847852,0.008450251964013137,0.011237485051201522
11342,0.9146385313599256,0.0035878456120941064,0.08177362302798039
11343,0.14979735918522313,0.2122526552971691,0.6379499855176078
11344,0.962412635860033,0.0029797268094175953,0.0346076373305494
11345,0.053893505962503085,0.027815750746196567,0.9182907432913004
11346,0.978784842058306,0.00815552806808466,0.013059629873609455
11347,0.8229686278039631,0.016744781308895233,0.16028659088714167
11348,0.645312739110037,0.013587393228417134,0.34109986766154604
11349,0.04577985786747697,0.00850032733300183,0.9457198147995212
11350,0.8616230992172694,0.036875162694745826,0.10150173808798475
11351,0.9524004737178843,0.018903048436654236,0.02869647784546164
11352,0.8446376574756601,0.018455658130702754,0.13690668439363707
11353,0.12116550650547334,0.041540655495834695,0.837293837998692
11354,0.8870536123974551,0.015132708789996155,0.09781367881254874
11355,0.24446125378119227,0.009388739685658997,0.7461500065331488
11356,0.8601952731109966,0.008671202262073116,0.13113352462693031
11357,0.7006135584785812,0.00754026707572254,0.2918461744456964
11358,0.8870787816569287,0.02100967977986638,0.09191153856320494
11359,0.653457729401176,0.14213055035136998,0.20441172024745402
11360,0.577396597787338,0.010308653024172209,0.4122947491884899
11361,0.9878521138744644,0.00181616911886308,0.010331717006672457
11362,0.4644404563870241,0.1515936218548947,0.38396592175808125
11363,0.7741472991702824,0.08331013141499975,0.142542569414718
11364,0.9776501420951652,0.0021195200907374906,0.02023033781409712
11365,0.6321831480834906,0.0734357263326826,0.294381125583827
11366,0.6812716872361692,0.04832467391609537,0.2704036388477355
11367,0.05010104140075145,0.009548641434948666,0.9403503171642998
11368,0.8732464037142826,0.010816623937723665,0.11593697234799372
11369,0.9587652851943932,0.0042902259766260074,0.03694448882898079
11370,0.0061403321411167356,0.0032347803215714665,0.9906248875373118
11371,0.9524523087227946,0.0038245543512552345,0.043723136925950264
11372,0.6723457590976242,0.020133917913766713,0.30752032298860915
11373,0.012148066726475991,0.006495019355674325,0.9813569139178496
11374,0.9839337109668099,0.0041563585445885875,0.011909930488601327
11375,0.6333067187334105,0.015577800021244802,0.3511154812453448
11376,0.9058449037824517,0.009664824549841923,0.08449027166770653
11377,0.5144446778763502,0.03064737457888315,0.45490794754476677
11378,0.9560355771836042,0.015460708553963688,0.028503714262432103
11379,0.043253733059262015,0.005139994241378139,0.9516062726993598
11380,0.9786237470622586,0.0041764421162536315,0.01719981082148777
11381,0.13413417121033,0.05132247474843496,0.8145433540412351
11382,0.9506938972975958,0.00790605215390477,0.04140005054849949
11383,0.9689192041926017,0.005038832837454252,0.026041962969944172
11384,0.9667146599922515,0.011840990209611761,0.021444349798136936
11385,0.9671793003388379,0.006151218621184624,0.0266694810399775
11386,0.9453707403109841,0.006346342958087502,0.048282916730928396
11387,0.6956433546330595,0.04086645154770764,0.26349019381923294
11388,0.017504231081343354,0.007961583676140707,0.974534185242516
11389,0.8002487817087413,0.01209856756602398,0.18765265072523482
11390,0.17235767188961462,0.04329589909757297,0.7843464290128125
11391,0.9251205018757278,0.011625401510915357,0.06325409661335678
11392,0.9389123429753027,0.006062506343378995,0.055025150681318385
11393,0.009451517899523835,0.01247945769043827,0.978069024410038
11394,0.8458272983168605,0.005570182429758986,0.14860251925338047
11395,0.9809847140274437,0.005125805933383827,0.013889480039172517
11396,0.6913737057795499,0.04833622294020099,0.26029007128024917
11397,0.8492534815006972,0.006847392215828312,0.14389912628347454
11398,0.9335809073474325,0.008458985528052002,0.05796010712451544
11399,0.9823177791104355,0.0037002901284991997,0.013981930761065261
11400,0.8572308622139527,0.008293837497622226,0.13447530028842516
11401,0.9662350647658772,0.008410464837519373,0.025354470396603605
11402,0.6186477835333295,0.019113467571118373,0.36223874889555213
11403,0.13355212225084942,0.004517799733168195,0.8619300780159825
11404,0.9279843900157269,0.005484407622842422,0.06653120236143081
11405,0.3085149266624102,0.043027596777672344,0.6484574765599175
11406,0.9592862708532757,0.008253884000490777,0.03245984514623362
11407,0.15013244731310713,0.012112917369048744,0.8377546353178442
11408,0.9053748474962636,0.005086228644730901,0.08953892385900541
11409,0.9755165254221871,0.004839414581054902,0.019644059996757984
11410,0.9565006426881966,0.00705791636479102,0.036441440947012536
11411,0.6038415697729863,0.12402919513547292,0.2721292350915409
11412,0.7721686115778816,0.008773834937843132,0.2190575534842753
11413,0.885018226428702,0.007340638557450564,0.10764113501384749
11414,0.027146808981517192,0.0048897729438223915,0.9679634180746605
11415,0.696000400497953,0.009466989945422435,0.2945326095566247
11416,0.2661364120969621,0.008127175865792697,0.7257364120372453
11417,0.30178712864839735,0.04164863777225397,0.6565642335793487
11418,0.17668561844154648,0.15305496889602757,0.6702594126624261
11419,0.750647932166651,0.055550888326150044,0.19380117950719902
11420,0.9702248226977231,0.004352214317434776,0.025422962984842003
11421,0.008900281500456698,0.002329193768347683,0.9887705247311958
11422,0.8828859559456733,0.01218335132218206,0.10493069273214477
11423,0.9808188770249479,0.006660257816505261,0.012520865158546913
11424,0.9538434282510895,0.021529471698406705,0.024627100050503753
11425,0.1333944044260216,0.6105581708970619,0.2560474246769167
11426,0.9586942087605007,0.009856483113541776,0.03144930812595745
11427,0.4167797603840079,0.3582446467731964,0.2249755928427957
11428,0.8862645100849632,0.039338693375771706,0.07439679653926516
11429,0.5887009265149623,0.016773946615749113,0.3945251268692887
11430,0.006461769127599791,0.002095986655073569,0.9914422442173269
11431,0.07615150066109908,0.03459438597613415,0.8892541133627668
11432,0.18265321196474252,0.02345861707987997,0.7938881709553774
11433,0.645907915363094,0.008795820329667761,0.3452962643072383
11434,0.29747594472757,0.013856499940143341,0.6886675553322869
11435,0.9407777643125038,0.004252046586269476,0.054970189101226696
11436,0.9701365575295913,0.015092035155331238,0.014771407315077612
11437,0.7908618874220715,0.0652254442443385,0.14391266833358995
11438,0.22196826642518028,0.01199549775072947,0.7660362358240903
11439,0.7539528104540195,0.13285430687001365,0.1131928826759669
11440,0.9487781943877461,0.013688717062725288,0.03753308854952848
11441,0.9823354945630635,0.004172761925912592,0.013491743511024069
11442,0.7671497080416977,0.04078918933941652,0.19206110261888573
11443,0.8456050774704033,0.019143880130749278,0.1352510423988474
11444,0.8791362952733023,0.04804857365240876,0.07281513107428884
11445,0.008810461210699285,0.005617681834728429,0.9855718569545724
11446,0.8627367191501724,0.034545826933265404,0.10271745391656226
11447,0.053192435184519056,0.008397767339119054,0.9384097974763619
11448,0.7582098502458855,0.17009000044791264,0.07170014930620204
11449,0.7964213123927325,0.010697979464760447,0.1928807081425072
11450,0.13787096628227377,0.04462595856327919,0.8175030751544471
11451,0.9603713811844692,0.00831097653400104,0.03131764228152972
11452,0.9654781644473068,0.0028909376013427188,0.03163089795135054
11453,0.976536591528912,0.002922867286081351,0.02054054118500669
11454,0.08861877836029099,0.02450058679640187,0.886880634843307
11455,0.8662347801526173,0.043299060747582455,0.09046615909980017
11456,0.717690414298587,0.07712260007574909,0.20518698562566393
11457,0.8272157091834139,0.08446615710771395,0.08831813370887222
11458,0.9823467203834035,0.0019074147249202899,0.015745864891676026
11459,0.26540955864224275,0.026190876329965713,0.7083995650277916
11460,0.07586863980091134,0.03410361374011989,0.8900277464589689
11461,0.9499427197957907,0.003578198929932008,0.046479081274277294
11462,0.8529677989479169,0.01219390289730248,0.13483829815478057
11463,0.8157345274204667,0.050101506081229784,0.13416396649830364
11464,0.8990388291938961,0.04214007431621316,0.05882109648989086
11465,0.9848837129537839,0.003801352172158602,0.011314934874057535
11466,0.9125734915939542,0.004675357391439242,0.08275115101460677
11467,0.5579095739583643,0.0144983528972046,0.4275920731444312
11468,0.9181886480708928,0.009267549257874555,0.0725438026712326
11469,0.7999817635180614,0.10075164802356741,0.09926658845837125
11470,0.047391756537643596,0.07987486944465057,0.8727333740177059
11471,0.9809092827291186,0.009819939381711256,0.009270777889170202
11472,0.8558990129553535,0.0425417672624016,0.10155921978224498
11473,0.8266722609346076,0.009797933556359302,0.1635298055090332
11474,0.7108718678506818,0.026222530328264337,0.262905601821054
11475,0.021298343671893268,0.024157470939358,0.9545441853887487
11476,0.34418751123630714,0.3123139578116289,0.343498530952064
11477,0.8456781712498985,0.024524966618262523,0.12979686213183897
11478,0.7483092737935425,0.010773605161121297,0.2409171210453362
11479,0.927228296669795,0.020113701393324572,0.05265800193688046
11480,0.9769822050289082,0.006768529264326118,0.016249265706765728
11481,0.09486610872962843,0.014458494025064652,0.890675397245307
11482,0.012320258166553643,0.006034638334522536,0.9816451034989239
11483,0.9301545473993255,0.005119374162132645,0.06472607843854185
11484,0.5183871538769834,0.1328293861619145,0.3487834599611021
11485,0.6823554696471624,0.026581459688520454,0.29106307066431714
11486,0.019254375366508966,0.0030499259631406417,0.9776956986703506
11487,0.3494894142342963,0.015171340180506707,0.6353392455851969
11488,0.21310178294666357,0.05403463013989044,0.7328635869134461
11489,0.8626555068796201,0.008828921180058132,0.1285155719403218
11490,0.9050602450806273,0.01624824425113164,0.07869151066824108
11491,0.8564251352866263,0.028110581178455062,0.11546428353491874
11492,0.10064089750537013,0.03294660467777823,0.8664124978168516
11493,0.1836145121636163,0.03946409975179082,0.776921388084593
11494,0.9291919965937141,0.010021180107780017,0.060786823298505994
11495,0.024647930199930692,0.013518588679234689,0.9618334811208346
11496,0.9534552291067563,0.012816029432111452,0.03372874146113233
11497,0.18202115792998055,0.018428680260395628,0.7995501618096238
11498,0.9366773370321888,0.0263643572089136,0.0369583057588976
11499,0.8369813783930665,0.04317840430425618,0.11984021730267717
11500,0.8685655966047118,0.06506591301914091,0.06636849037614748
11501,0.9112011984173499,0.012074494973299944,0.07672430660935009
11502,0.962991485211902,0.003566696753275512,0.03344181803482248
11503,0.9368861906784977,0.00823688943232234,0.05487691988917998
11504,0.10603278770583328,0.013907236349632078,0.8800599759445347
11505,0.4679417829176589,0.05339691272393118,0.47866130435841003
11506,0.9480975608629858,0.01810165775878139,0.033800781378232767
11507,0.6706688369494832,0.009057110607628859,0.3202740524428879
11508,0.008104809114123404,0.002928268152538348,0.9889669227333383
11509,0.5451458353078217,0.01148942566343323,0.44336473902874524
11510,0.34995678342455355,0.015628091783638543,0.634415124791808
11511,0.020141887156127556,0.0035834713660721318,0.9762746414778004
11512,0.7877027501032665,0.027264307750124686,0.18503294214660895
11513,0.9102382331131774,0.04982883036547569,0.0399329365213469
11514,0.014962288309060533,0.007747931796642212,0.9772897798942971
11515,0.7539593909141872,0.014660969578348776,0.23137963950746393
11516,0.8612587241244828,0.041684967170051344,0.09705630870546586
11517,0.1368910241054101,0.05830929660757917,0.8047996792870108
11518,0.2661459705018552,0.21156931827129355,0.5222847112268513
11519,0.9755439881367384,0.005845776299184174,0.018610235564077406
11520,0.5697280498491256,0.04776314232498405,0.38250880782589036
11521,0.9438852891946268,0.0145166190567248,0.04159809174864852
11522,0.9538074567784813,0.006092772963304346,0.040099770258214276
11523,0.808385718942349,0.009432431969736596,0.1821818490879146
11524,0.2848249031107188,0.01013765270813618,0.7050374441811451
11525,0.9784807917253313,0.004276910707564877,0.0172422975671039
11526,0.9304087644513875,0.007234807801528687,0.06235642774708362
11527,0.8248910573696534,0.004220791788187075,0.1708881508421595
11528,0.9214387380523026,0.011426455118627794,0.06713480682906972
11529,0.0052356723237470355,0.001683140161403907,0.993081187514849
11530,0.1652784407092371,0.060480017763803025,0.77424154152696
11531,0.11907827411413248,0.3835372136075386,0.497384512278329
11532,0.9648753013991666,0.003200760982480279,0.03192393761835317
11533,0.2339653927683865,0.018807966969048802,0.7472266402625647
11534,0.5056647520440292,0.01387349085040646,0.48046175710556444
11535,0.10514610468973166,0.01914487118138344,0.8757090241288848
11536,0.9230900760875591,0.027452836239639282,0.049457087672801485
11537,0.6967422062858799,0.005822437602976702,0.2974353561111435
11538,0.9559655337761418,0.005131656533019263,0.038902809690839014
11539,0.7928042270587742,0.011038785814372289,0.19615698712685362
11540,0.8476537989408053,0.020581145962876333,0.13176505509631856
11541,0.6221647245318627,0.042569698947721786,0.33526557652041555
11542,0.35123539293915557,0.02676564498353964,0.6219989620773049
11543,0.9076341542710032,0.003212846667961208,0.08915299906103562
11544,0.13387247475536174,0.09775393776128671,0.7683735874833516
11545,0.232645266051041,0.014222335531150166,0.7531323984178088
11546,0.2837200647616604,0.025488906041898855,0.6907910291964409
11547,0.8110476686376568,0.08042477830902249,0.10852755305332089
11548,0.3398372331788931,0.017520493084055802,0.6426422737370513
11549,0.8080052357719326,0.014710284198301098,0.17728448002976638
11550,0.9584829572420479,0.013352027568930716,0.028165015189021207
11551,0.9099763893481086,0.005461641937925672,0.08456196871396578
11552,0.24368636121338919,0.007254703480985986,0.7490589353056248
11553,0.9030469548737134,0.00877901390967686,0.08817403121660976
11554,0.881570099319739,0.004763792200908189,0.11366610847935296
11555,0.9539576536041781,0.0039067172718041145,0.042135629124017956
11556,0.047206787789462634,0.018795487310544333,0.9339977248999931
11557,0.5534162681992557,0.23602293990136977,0.21056079189937454
11558,0.8327180348123148,0.007681281327637952,0.1596006838600473
11559,0.8095156169917285,0.03983758114021973,0.15064680186805177
11560,0.6787043223358437,0.009745708427461005,0.31154996923669526
11561,0.028766763826428295,0.00671972324504947,0.9645135129285223
11562,0.04783235422055213,0.006537919710500509,0.9456297260689474
11563,0.10768931720294316,0.029872509516590925,0.8624381732804659
11564,0.9035523570128207,0.012318247135796793,0.08412939585138256
11565,0.33485126624260586,0.028737363481993374,0.6364113702754007
11566,0.6696510005645632,0.006298072988096397,0.3240509264473405
11567,0.8531224462046813,0.056653516506543315,0.09022403728877557
11568,0.224369493248257,0.005991803515731772,0.7696387032360114
11569,0.961177560518191,0.014786488697627307,0.024035950784181543
11570,0.931424459401393,0.01947178786403721,0.04910375273456972
11571,0.5302189445423663,0.20701265736806654,0.26276839808956726
11572,0.3670464020926379,0.02724587858003815,0.605707719327324
11573,0.8248480654652226,0.031706463618191856,0.14344547091658558
11574,0.9553857941442728,0.025183033453208614,0.019431172402518564
11575,0.9688254887711288,0.0038238976000088483,0.027350613628862253
11576,0.9338698698172201,0.008225407918180643,0.057904722264599355
11577,0.16849707329295882,0.07726530298953267,0.7542376237175085
11578,0.9120963609352147,0.00443572415798386,0.08346791490680149
11579,0.2808791443965522,0.012341244269395995,0.7067796113340518
11580,0.3421553484447525,0.3631125576169452,0.2947320939383024
11581,0.8895919606290018,0.06953042571339951,0.04087761365759875
11582,0.32123581679361474,0.009331754757330947,0.6694324284490546
11583,0.8935301212536872,0.006876172592772732,0.09959370615354003
11584,0.06233620522360902,0.007134070547672313,0.9305297242287187
11585,0.8891125312235978,0.04425335578611166,0.06663411299029041
11586,0.4669911597043592,0.03874758965621053,0.4942612506394302
11587,0.0664747169471598,0.019230615498650946,0.9142946675541893
11588,0.9297965107878934,0.0041780423633286075,0.06602544684877813
11589,0.5643927669401607,0.01873917370079953,0.4168680593590398
11590,0.9707775770496934,0.003824049942326567,0.025398373007980087
11591,0.10800083565329978,0.04747432055867318,0.8445248437880272
11592,0.7682131808362768,0.07649326087127069,0.15529355829245248
11593,0.927175577984606,0.029803410699380122,0.04302101131601379
11594,0.9646392727934566,0.0046038495394277795,0.030756877667115514
11595,0.7481421140715944,0.018781295179996958,0.2330765907484088
11596,0.9561550234122714,0.014333246021425992,0.029511730566302543
11597,0.02259130694256931,0.033923772536004655,0.9434849205214261
11598,0.6049574407285359,0.029727237522242943,0.36531532174922127
11599,0.5542852118982692,0.04079587585313565,0.4049189122485953
11600,0.7979987819987654,0.01073306992162727,0.19126814807960732
11601,0.9231545149249573,0.00618345866984633,0.0706620264051964
11602,0.8539231868103317,0.056699812748036,0.08937700044163219
11603,0.803039136699273,0.0069993915842754,0.1899614717164515
11604,0.957680534307506,0.017118537463292716,0.025200928229201152
11605,0.016848177310194806,0.004439322788693352,0.9787124999011118
11606,0.773932992630371,0.1055424420934328,0.12052456527619636
11607,0.692142909094725,0.17469611451416253,0.13316097639111263
11608,0.17871389459166204,0.052344554526196733,0.7689415508821412
11609,0.7865555182896611,0.15812207374528867,0.055322407965050314
11610,0.012896060294174833,0.010296701052618585,0.9768072386532066
11611,0.5806995497297237,0.009001857316250726,0.41029859295402565
11612,0.8644826116421079,0.07143794553334308,0.06407944282454893
11613,0.7921803151402643,0.014120979892224944,0.19369870496751074
11614,0.37323429007598746,0.6135763416646524,0.013189368259360238
11615,0.8003441803069645,0.01056774202301894,0.18908807767001634
11616,0.968029818679813,0.011264632122885542,0.02070554919730162
11617,0.5985989506605698,0.0252046430189789,0.3761964063204514
11618,0.019724543050241263,0.002069003324501896,0.9782064536252569
11619,0.9287194936483907,0.011761431704494773,0.059519074647114624
11620,0.9727371260220501,0.0034282804228992643,0.023834593555050857
11621,0.6818812416137726,0.02501417369291375,0.29310458469331363
11622,0.9678833435816913,0.004609510860479869,0.027507145557828863
11623,0.8544207824072029,0.01924066756627329,0.1263385500265238
11624,0.03186253070722852,0.008381887344522788,0.9597555819482487
11625,0.8654530451902059,0.015307784944602573,0.11923916986519152
11626,0.9515713108828433,0.008162412237993058,0.040266276879163815
11627,0.8312395329884048,0.03075834645966651,0.13800212055192873
11628,0.01090239812778374,0.010186725455121925,0.9789108764170944
11629,0.9763059500009795,0.006495430196372667,0.017198619802647926
11630,0.8059840647169442,0.017566185295926875,0.176449749987129
11631,0.7370771817981453,0.15195826907569351,0.1109645491261612
11632,0.29784061425797753,0.020945708556805703,0.6812136771852169
11633,0.8113775811549923,0.005026485894030077,0.18359593295097776
11634,0.49725347062380504,0.007044335797430422,0.4957021935787646
11635,0.9633461597804004,0.01157222738756709,0.02508161283203247
11636,0.7619445643853572,0.011024934505635027,0.22703050110900772
11637,0.1255363610871572,0.014967514137782212,0.8594961247750607
11638,0.3689376266010106,0.02093868421099584,0.6101236891879936
11639,0.7862460643476777,0.03424421856321944,0.1795097170891028
11640,0.9346569865547752,0.017787718952398206,0.04755529449282663
11641,0.652928252839258,0.04067889021496577,0.30639285694577617
11642,0.8362262838747833,0.009783137462132859,0.153990578663084
11643,0.936307443382424,0.009912624944637955,0.05377993167293806
11644,0.04714225537962546,0.04349660074518135,0.9093611438751931
11645,0.9204813333158687,0.006588312157084786,0.07293035452704649
11646,0.9538808056221418,0.005731625163393146,0.04038756921446502
11647,0.9681856193672297,0.005432643005279662,0.026381737627490714
11648,0.980052727212711,0.0029345045024711993,0.01701276828481775
11649,0.6330734621534763,0.1521853994522011,0.21474113839432288
11650,0.965057919608984,0.01486367764632658,0.020078402744689354
11651,0.009150868603566944,0.008564156501058458,0.9822849748953747
11652,0.8924755396697254,0.008199689146070952,0.09932477118420362
11653,0.012382004540619952,0.009307168837083593,0.9783108266222965
11654,0.9413720916266033,0.01035314187164218,0.04827476650175457
11655,0.5504294869702243,0.01308475210733488,0.4364857609224409
11656,0.9471995410588707,0.018308507537079678,0.034491951404049655
11657,0.9144608554202651,0.005455928623246334,0.08008321595648853
11658,0.9203419326291417,0.03664440933605509,0.04301365803480323
11659,0.10861365236537447,0.007728646086543383,0.8836577015480822
11660,0.9132765505054631,0.007276865759757479,0.07944658373477959
11661,0.9764560553139553,0.004057184435641818,0.019486760250402954
11662,0.9542385434530548,0.015307184935731724,0.030454271611213623
11663,0.7751120910118777,0.018249792663734787,0.20663811632438747
11664,0.8599309762562167,0.018473576561128992,0.1215954471826544
11665,0.9045096965675768,0.013663910349116478,0.08182639308330676
11666,0.6456240714095082,0.021591586898495687,0.33278434169199617
11667,0.9746557909512356,0.007276197994581818,0.018068011054182657
11668,0.9619461833370562,0.0026638271356092236,0.035389989527334687
11669,0.022315935695459897,0.0042957138180594176,0.9733883504864808
11670,0.12958666810950017,0.045410094834943494,0.8250032370555563
11671,0.8348845526900791,0.014957383952058402,0.15015806335786255
11672,0.47407092547550456,0.2675779422095927,0.2583511323149028
11673,0.8516873351692612,0.016840211241678924,0.1314724535890599
11674,0.7948262348863296,0.07417840126955506,0.13099536384411528
11675,0.8986835272663442,0.026094141605313422,0.07522233112834244
11676,0.8168021522270382,0.056594948086260664,0.12660289968670116
11677,0.856677089494236,0.031014695227592596,0.11230821527817132
11678,0.9594050243259017,0.018709158163364416,0.021885817510733895
11679,0.9528987148395364,0.008034909680225836,0.03906637548023791
11680,0.42017237206416874,0.07155686091915474,0.5082707670166766
11681,0.06891505940968334,0.023354295483543237,0.9077306451067734
11682,0.615198009942948,0.030697177248175566,0.35410481280887657
11683,0.1866558848189682,0.1545528065680363,0.6587913086129956
11684,0.767552449593355,0.04960978081199361,0.18283776959465145
11685,0.9126008961061544,0.014046473238692967,0.0733526306551526
11686,0.007780083380449117,0.004172540746807114,0.9880473758727437
11687,0.2508953181078159,0.01944605121207354,0.7296586306801106
11688,0.18111584212869133,0.23294420953520253,0.5859399483361062
11689,0.9773884145570089,0.0023587461702665913,0.02025283927272452
11690,0.6889997606792074,0.011625938496252005,0.2993743008245407
11691,0.022685733895894445,0.012602562708286686,0.9647117033958189
11692,0.8676192167949532,0.09116696537928486,0.041213817825761966
11693,0.6832672423034617,0.10328159420940144,0.2134511634871369
11694,0.04001912604299613,0.008299473671793787,0.9516814002852101
11695,0.10500824089285908,0.033330683626117484,0.8616610754810234
11696,0.35854110188074717,0.20032179022499177,0.44113710789426114
11697,0.06282954372227233,0.009626992659767184,0.9275434636179605
11698,0.01869114273260196,0.003082821185479221,0.9782260360819189
11699,0.8422921337082191,0.009164669503061667,0.14854319678871933
11700,0.013601701285303363,0.005592001232307452,0.9808062974823891
11701,0.9422292157332618,0.01053009614925383,0.04724068811748442
11702,0.9023343825768566,0.01775691190023292,0.07990870552291043
11703,0.9770445382573016,0.009532134116639016,0.013423327626059389
11704,0.3592516507248111,0.05050001206792328,0.5902483372072657
11705,0.6074726533950517,0.0331509023746678,0.35937644423028053
11706,0.9050679674463248,0.014757216717208093,0.08017481583646727
11707,0.017267922266079306,0.009837186810327128,0.9728948909235936
11708,0.10208676032091439,0.008345690404038066,0.8895675492750476
11709,0.8087029862489336,0.04976143433908354,0.14153557941198305
11710,0.043799336532311904,0.03080195086159281,0.9253987126060953
11711,0.8395119461039683,0.06040836080799948,0.10007969308803234
11712,0.6544210927549753,0.10699890341689404,0.2385800038281308
11713,0.7289101858439083,0.015403358775655138,0.2556864553804367
11714,0.9600730472168059,0.008229357312749036,0.03169759547044515
11715,0.9728695196190434,0.005380349617731783,0.021750130763224792
11716,0.07917239123007587,0.016197087870573168,0.9046305208993509
11717,0.5454890469772536,0.06628300612742664,0.3882279468953198
11718,0.0640399706214313,0.16183449381176718,0.7741255355668015
11719,0.15860048592061401,0.04413593760140987,0.7972635764779762
11720,0.059467230562482806,0.0383283597704373,0.9022044096670799
11721,0.017711392381344986,0.005346701369169604,0.9769419062494854
11722,0.9227775603015201,0.007554356739976676,0.06966808295850345
11723,0.02512272982134847,0.017438620446604224,0.9574386497320472
11724,0.8616753707050914,0.034309229412977836,0.10401539988193079
11725,0.8878086869169336,0.008525883752473424,0.10366542933059293
11726,0.9507810918687566,0.01990157431141496,0.029317333819828418
11727,0.8949716651400873,0.01042283644048819,0.09460549841942467
11728,0.7687326023911414,0.020702760435608276,0.21056463717325036
11729,0.7899758757946285,0.007658608199330939,0.20236551600604058
11730,0.8759018526370833,0.004908607728305136,0.11918953963461176
11731,0.5797659122531338,0.01406132183289479,0.4061727659139715
11732,0.9544112470252805,0.010316399780481338,0.0352723531942381
11733,0.8804456965784097,0.004523669581320268,0.11503063384027017
11734,0.7280159780704756,0.1421300855046438,0.1298539364248806
11735,0.34947334711672867,0.06253768197999593,0.5879889709032754
11736,0.16427019969800408,0.03952630902267492,0.796203491279321
11737,0.036421038906196405,0.004212063166757912,0.9593668979270457
11738,0.15741843747525838,0.03563586639555987,0.8069456961291819
11739,0.6203595053692637,0.25688612805908434,0.12275436657165206
11740,0.35718600210473533,0.0325870086582145,0.6102269892370502
11741,0.8053312383530298,0.023793925964070674,0.17087483568289946
11742,0.9673960697506928,0.004780541913454044,0.027823388335853256
11743,0.90349527639578,0.003551267417648688,0.0929534561865714
11744,0.9677435839079465,0.012266946562583795,0.01998946952946984
11745,0.37257888111471715,0.00948029784307061,0.6179408210422123
11746,0.9223727330609123,0.03322897721319718,0.04439828972589047
11747,0.0864306194699954,0.027589406910225555,0.8859799736197791
11748,0.05451778746542676,0.0071111340442900324,0.9383710784902833
11749,0.9185039566516755,0.009900695250232924,0.07159534809809157
11750,0.07649079851623135,0.03407039553216265,0.8894388059516062
11751,0.030138367927225927,0.0026950615642975084,0.9671665705084765
11752,0.8795180298101323,0.008778476224336858,0.11170349396553109
11753,0.8479290970877386,0.008188583373981964,0.14388231953827943
11754,0.0663454651968811,0.026757085881428323,0.9068974489216907
11755,0.06628049700418676,0.034875108337854295,0.8988443946579591
11756,0.840579610805608,0.02453453838152621,0.13488585081286586
11757,0.08503377683400083,0.016178477380458012,0.8987877457855412
11758,0.025733982940169046,0.025059469724309225,0.9492065473355218
11759,0.24535594335947297,0.04343423320135517,0.7112098234391719
11760,0.8825171929770176,0.0405268964927243,0.07695591053025819
11761,0.9033939990756668,0.007289135364569473,0.08931686555976374
11762,0.6355910303741131,0.027080459946665292,0.3373285096792216
11763,0.23353054554334443,0.07810330977862268,0.688366144678033
11764,0.9783702508582249,0.0033931422381892344,0.018236606903586004
11765,0.588326655817187,0.015236622246911415,0.39643672193590157
11766,0.0900204058021374,0.010056034371848299,0.8999235598260142
11767,0.716216342677514,0.056480798190400965,0.22730285913208506
11768,0.6104322880608585,0.24959678645019034,0.1399709254889512
11769,0.02576738717898455,0.010407574040449613,0.9638250387805659
11770,0.03448898767894133,0.01598185593706369,0.9495291563839948
11771,0.07558814612901064,0.6300605385216763,0.2943513153493132
11772,0.6603213514042996,0.006506979548518422,0.33317166904718215
11773,0.9505794235198942,0.021205502712587882,0.02821507376751801
11774,0.03422761573768092,0.012300712958777079,0.9534716713035419
11775,0.5438340231833488,0.019075341543445888,0.4370906352732054
11776,0.13120832819278838,0.005805837488903942,0.8629858343183077
11777,0.035900864912737265,0.0116413103862,0.9524578247010628
11778,0.9513486007588162,0.003180458339292039,0.045470940901891695
11779,0.008411297946001102,0.007109333094346699,0.9844793689596522
11780,0.2205700054410769,0.036713497008193506,0.7427164975507295
11781,0.8643769738313102,0.03140866945027399,0.10421435671841593
11782,0.16770072802305955,0.04378380633784285,0.7885154656390977
11783,0.9112751798896751,0.007839632899837192,0.08088518721048768
11784,0.9143158557701606,0.020456236890171193,0.06522790733966814
11785,0.9650303895529325,0.006782952239775413,0.02818665820729214
11786,0.025196504126874675,0.004694727418746496,0.9701087684543789
11787,0.9349202191202605,0.00889373949326487,0.05618604138647467
11788,0.8491105478960398,0.037150683144097654,0.11373876895986267
11789,0.7716193338775784,0.01593195331392239,0.2124487128084991
11790,0.07539712917861188,0.03260958564934143,0.8919932851720467
11791,0.909078401696923,0.009432459449268111,0.08148913885380896
11792,0.008401751745770939,0.004291641130058245,0.987306607124171
11793,0.46513250592152655,0.014471562260180015,0.5203959318182935
11794,0.725880096286111,0.009844563455721662,0.2642753402581673
11795,0.9440304078679582,0.012119776015165234,0.04384981611687674
11796,0.8660941141005694,0.017477138459815807,0.1164287474396148
11797,0.11299134491120048,0.0163657263118968,0.8706429287769027
11798,0.8001163277407112,0.06428724009514696,0.1355964321641418
11799,0.9686262263050794,0.0068755207409919115,0.02449825295392862
11800,0.7525045265420002,0.032802279123278,0.21469319433472187
11801,0.8046228540008094,0.041482120797521255,0.15389502520166948
11802,0.8534901534085763,0.09089104809782436,0.05561879849359942
11803,0.5835827692424401,0.009384434848212839,0.4070327959093471
11804,0.33405632000614366,0.02649538780856791,0.6394482921852885
11805,0.5112694348686561,0.08817811982915384,0.4005524453021902
11806,0.8505536768103589,0.017917767765880704,0.13152855542376043
11807,0.108476462006252,0.01281767270283402,0.878705865290914
11808,0.5509589438748667,0.010036469221888913,0.43900458690324434
11809,0.0700360091876181,0.03832173287331366,0.8916422579390684
11810,0.08805505568252217,0.02016999774391121,0.8917749465735666
11811,0.982578372750109,0.008588346513423129,0.00883328073646786
11812,0.9402882314656024,0.018189368819861582,0.04152239971453602
11813,0.7130421039684216,0.00678837282257092,0.2801695232090076
11814,0.9756495286799992,0.004364761781569295,0.01998570953843168
11815,0.9123624036177345,0.008749055673366934,0.07888854070889878
11816,0.47550847728146856,0.012571984768557065,0.5119195379499744
11817,0.6222258194652553,0.05358836972997239,0.3241858108047724
11818,0.7968968939628421,0.050185328899272276,0.15291777713788565
11819,0.9351874981699008,0.017484151875112878,0.04732834995498634
11820,0.8690018134659204,0.04753163576564578,0.08346655076843378
11821,0.7742268432947191,0.03779888923253392,0.18797426747274698
11822,0.009970649481800993,0.003566796961537447,0.9864625535566615
11823,0.04160017895051112,0.005618612727051535,0.9527812083224373
11824,0.9577798982750659,0.004028302670314801,0.03819179905461913
11825,0.21684647843094537,0.009352531067700861,0.7738009905013538
11826,0.9407741973613338,0.008273803844948165,0.050951998793718124
11827,0.6898617052452101,0.061967767865316534,0.24817052688947353
11828,0.9703213413439753,0.009685552979976336,0.019993105676048558
11829,0.06092717220225279,0.01221705092622445,0.9268557768715228
11830,0.8258841495705026,0.045113335038997865,0.1290025153904995
11831,0.890257614746314,0.02245521348551747,0.08728717176816829
11832,0.7781445618067221,0.011078177243061803,0.21077726095021615
11833,0.9434832774265424,0.0055664957056699785,0.05095022686778782
11834,0.9154965723592917,0.0054352596457749505,0.07906816799493335
11835,0.9531084322962657,0.006903438033228543,0.039988129670505544
11836,0.8802388375805835,0.026754301185789708,0.09300686123362685
11837,0.7435370787529963,0.05013213731671448,0.20633078393028934
11838,0.015082105481283567,0.009272943510362746,0.9756449510083538
11839,0.18594430056460276,0.008272783820637683,0.8057829156147595
11840,0.006927508483885574,0.0037110655172463603,0.989361425998868
11841,0.6336169615347874,0.09919688220339291,0.26718615626181974
11842,0.8787523570881206,0.005041933928388003,0.11620570898349153
11843,0.7115246905084648,0.00907165545701609,0.2794036540345192
11844,0.05787964488430218,0.020044121732677396,0.9220762333830204
11845,0.8655709303041553,0.04844438269750025,0.08598468699834456
11846,0.5710336745349238,0.06823868025807282,0.36072764520700346
11847,0.5714813715186033,0.02587940087190401,0.40263922760949267
11848,0.9379351335213219,0.009461772377307468,0.05260309410137071
11849,0.15605355484774222,0.00864797883716266,0.8352984663150951
11850,0.9700758605280798,0.0019136715938300323,0.0280104678780902
11851,0.38107620589731805,0.01886753877493542,0.6000562553277465
11852,0.3371847536977912,0.029470897535527084,0.6333443487666818
11853,0.87670751241465,0.006431929256473434,0.11686055832887658
11854,0.9664414430257935,0.006529630223029446,0.02702892675117702
11855,0.9596706559926501,0.003790616784179608,0.03653872722317017
11856,0.5261098803091088,0.10130170827072167,0.37258841142016963
11857,0.9654414996893935,0.017200067947624836,0.017358432362981638
11858,0.8968975347005184,0.03203528624424589,0.07106717905523581
11859,0.6579277825984673,0.1955495915345641,0.14652262586696865
11860,0.9802106661343907,0.00549322937195274,0.01429610449365649
11861,0.9863978616080568,0.004956871240599706,0.008645267151343531
11862,0.028887693874916083,0.02085363570380024,0.9502586704212838
11863,0.7997794085960521,0.024606472654028707,0.1756141187499192
11864,0.972460222909803,0.010458378316799242,0.017081398773397823
11865,0.915526152182868,0.027215647688926415,0.05725820012820569
11866,0.07623735424723671,0.04079453883540749,0.8829681069173557
11867,0.9570278415084202,0.004804609948322991,0.038167548543256845
11868,0.682842238692058,0.005474265863636534,0.31168349544430557
11869,0.9699573290225023,0.002503229167473294,0.027539441810024313
11870,0.8985020484569519,0.008953518397511599,0.09254443314553647
11871,0.9796267439450894,0.009001446523817725,0.011371809531092835
11872,0.2662192195919832,0.03211813950034166,0.7016626409076753
11873,0.36612001834947333,0.020221214902227586,0.6136587667482992
11874,0.792734794371316,0.011209928568532783,0.19605527706015122
11875,0.16209514691796204,0.034431163105627986,0.80347368997641
11876,0.9750254292226622,0.004743937618460189,0.020230633158877465
11877,0.20451599030298243,0.03003661754504552,0.765447392151972
11878,0.5590759073560286,0.025492410678654095,0.4154316819653173
11879,0.9178555059234882,0.014617264927729865,0.06752722914878212
11880,0.6800823420134964,0.006694685375497634,0.3132229726110061
11881,0.952125590892387,0.008140649314226272,0.039733759793386815
11882,0.7058605285899182,0.024244766616604376,0.26989470479347755
11883,0.8785463991299786,0.022430001593126452,0.09902359927689501
11884,0.7599192328662293,0.06808936583163402,0.17199140130213666
11885,0.01683388646727751,0.013215692680921048,0.9699504208518016
11886,0.791074354139257,0.07347164114835457,0.13545400471238844
11887,0.6111581458493891,0.028261979394036584,0.3605798747565743
11888,0.91547869259792,0.012148836655205166,0.07237247074687472
11889,0.09177191586721818,0.07509988324256742,0.8331282008902144
11890,0.8370544109083258,0.07373291352310093,0.08921267556857344
11891,0.6496615854460918,0.04585288770058404,0.30448552685332425
11892,0.9367433996479647,0.008162657642240648,0.05509394270979467
11893,0.7493698590250185,0.013718476397543809,0.23691166457743779
11894,0.8094496673622454,0.027244074631588105,0.1633062580061664
11895,0.9664505683183886,0.016749605944030178,0.01679982573758118
11896,0.8623840128227885,0.008203324509773279,0.12941266266743826
11897,0.814857164402167,0.025058575327673093,0.16008426027015984
11898,0.48811064264596044,0.020159848249273603,0.491729509104766
11899,0.036780276248092,0.025775048546139528,0.9374446752057685
11900,0.8016952298204535,0.023689179040134758,0.17461559113941194
11901,0.9589241523180668,0.0028993657109320768,0.03817648197100126
11902,0.010137908097356657,0.001931993863150564,0.9879300980394927
11903,0.9362640727374362,0.021491870233766038,0.042244057028797806
11904,0.058546490539482667,0.00723638176276545,0.9342171276977519
11905,0.9806835001527131,0.005172765878235653,0.01414373396905144
11906,0.9009916515618926,0.012504622286753178,0.0865037261513542
11907,0.8945082842506377,0.017700580959061754,0.08779113479030058
11908,0.8395513930325111,0.012143827946716644,0.14830477902077227
11909,0.8330770179635161,0.00917243636229456,0.15775054567418947
11910,0.9820784174229905,0.003087552571599518,0.0148340300054101
11911,0.9804448693898694,0.0028504375368742173,0.016704693073256442
11912,0.05004521069335564,0.020498081299894787,0.9294567080067496
11913,0.9504861880604495,0.010621227683870011,0.03889258425568038
11914,0.012327325024855534,0.005917599489936359,0.9817550754852081
11915,0.9576521098735081,0.01488216252270324,0.027465727603788712
11916,0.153550502440684,0.27406340259379386,0.5723860949655222
11917,0.03335240331737006,0.00437904807833936,0.9622685486042907
11918,0.8311644413016038,0.007177797007418315,0.16165776169097767
11919,0.9705513001279017,0.004794158701392149,0.02465454117070619
11920,0.15534553197082177,0.051839088188683845,0.7928153798404945
11921,0.9265004579953812,0.006419814007110046,0.06707972799750885
11922,0.6393886069066176,0.023686397296873433,0.3369249957965092
11923,0.05891671410996651,0.12204062140199308,0.8190426644880405
11924,0.10040727201014872,0.28093768829842664,0.6186550396914248
11925,0.90978638308808,0.026423082508231114,0.06379053440368888
11926,0.9810388921065918,0.00771434174919755,0.011246766144210675
11927,0.8350939290685143,0.01210118506470568,0.15280488586678
11928,0.9620128705534207,0.005831796225538668,0.03215533322104069
11929,0.9728821881354603,0.005733329795726107,0.021384482068813496
11930,0.9088275196629815,0.04206260937882617,0.049109870958192366
11931,0.8539271217504941,0.015940976423672752,0.1301319018258331
11932,0.48006708622018923,0.37766045972263096,0.1422724540571799
11933,0.8383861678159151,0.004236079909257067,0.15737775227482773
11934,0.9763841893115238,0.006975423661279853,0.016640387027196432
11935,0.7909210691451617,0.008886076498220274,0.20019285435661804
11936,0.16265392044984403,0.017145902995762595,0.8202001765543935
11937,0.96335100077681,0.0035219922574596793,0.03312700696573028
11938,0.10738184399507263,0.013459368601476162,0.8791587874034513
11939,0.8260751495671229,0.06768543055178282,0.10623941988109427
11940,0.9092975553888564,0.006291064779925347,0.08441137983121832
11941,0.1608303320284121,0.020430230364214787,0.8187394376073732
11942,0.00488232913083178,0.0022822885806333517,0.9928353822885349
11943,0.08398401518390163,0.0073777464311609265,0.9086382383849375
11944,0.9851536857081034,0.004117018372841723,0.010729295919054969
11945,0.761957514918975,0.056725755419464015,0.1813167296615611
11946,0.9184125899608319,0.007102052874962134,0.07448535716420598
11947,0.9766133721912704,0.01073412028688484,0.012652507521844807
11948,0.9530578015086412,0.006487568570603681,0.04045462992075505
11949,0.030645016578115396,0.006178033074838753,0.9631769503470459
11950,0.936132127363123,0.037259093282065225,0.02660877935481189
11951,0.9147968607009916,0.00923432240714467,0.07596881689186354
11952,0.0690349768085774,0.010552299100802512,0.9204127240906201
11953,0.6557539228036718,0.04926697469487568,0.29497910250145265
11954,0.9170866263882889,0.01134116984971823,0.07157220376199294
11955,0.27511801814237086,0.021630065604841937,0.7032519162527873
11956,0.9221692703179222,0.017056037966871496,0.060774691715206476
11957,0.25872831587625217,0.01232985280310865,0.7289418313206392
11958,0.25440060142699666,0.008881463523180328,0.736717935049823
11959,0.9374954314253023,0.004655440152484269,0.05784912842221353
11960,0.06022615869766099,0.006466187386886391,0.9333076539154526
11961,0.9154683922439583,0.028462539995727832,0.056069067760313944
11962,0.9577116353711222,0.003217600741588562,0.03907076388728918
11963,0.9174809269706975,0.041777777476704483,0.04074129555259815
11964,0.9689151309064246,0.004089142281865751,0.02699572681170985
11965,0.8807383079639083,0.02766462580668416,0.0915970662294076
11966,0.9601296661207054,0.007215546299936224,0.032654787579358545
11967,0.6489212549764426,0.012943486180526799,0.3381352588430307
11968,0.10122285421910492,0.0814124156312258,0.8173647301496693
11969,0.7182473827254389,0.012494287955843312,0.2692583293187178
11970,0.6806839722064738,0.12628596483049495,0.19303006296303127
11971,0.7261495782094781,0.02979490109853124,0.24405552069199066
11972,0.8346532851040035,0.013196173788723528,0.15215054110727316
11973,0.20935216925435438,0.005551217145796076,0.7850966135998495
11974,0.043394980387858335,0.09897485243820187,0.8576301671739398
11975,0.1752754880662066,0.014132986892281508,0.810591525041512
11976,0.6045097845979498,0.03013650924454014,0.36535370615751017
11977,0.972962937291656,0.00530532794934981,0.021731734758994304
11978,0.1820340761318099,0.014619935287250864,0.8033459885809394
11979,0.288860891601949,0.10403439732505661,0.6071047110729945
11980,0.6945332492318871,0.06515367318836911,0.24031307757974382
11981,0.4039455542050391,0.4336924784367852,0.1623619673581759
11982,0.9549743009408121,0.01258384905166931,0.03244185000751857
11983,0.9750158954445272,0.004423576520709481,0.020560528034763305
11984,0.0869836381720535,0.6548148345543313,0.2582015272736153
11985,0.4848062101109424,0.02989201984631615,0.48530177004274155
11986,0.7420896666642606,0.013759368016126894,0.2441509653196126
11987,0.9171311453707882,0.018740348095586317,0.06412850653362545
11988,0.9448129282819987,0.005501663596188537,0.049685408121812734
11989,0.9607404765976245,0.007088811101191228,0.0321707123011842
11990,0.6485845660399193,0.06212015826288471,0.2892952756971961
11991,0.7382585988180511,0.06091420679993922,0.20082719438200974
11992,0.14954753247480895,0.023623425671240993,0.8268290418539501
11993,0.4025251887359594,0.008733733515818872,0.5887410777482219
11994,0.9115623353556382,0.010330044830775584,0.07810761981358609
11995,0.8555458743028466,0.030849039833334164,0.1136050858638192
11996,0.08115337089047857,0.007882449300454718,0.9109641798090667
11997,0.9351968326439717,0.0056876298385364924,0.0591155375174918
11998,0.9657273903880893,0.008744445324184577,0.025528164287726245
11999,0.8863713568566749,0.05862488542931599,0.05500375771400911
12000,0.8298932474682508,0.03523975061659646,0.13486700191515272
12001,0.9275781768093038,0.009459730961753546,0.06296209222894261
12002,0.8434039737144056,0.017283126280163638,0.13931290000543092
12003,0.9740839528760089,0.0022204840534285485,0.02369556307056249
12004,0.970789788950691,0.013195207989737742,0.0160150030595711
12005,0.07763106916991681,0.010133409233078245,0.9122355215970049
12006,0.9482139533973711,0.009727179635876375,0.042058866966752706
12007,0.9223272131470177,0.011439741145075571,0.06623304570790677
12008,0.24063355572568926,0.03044297855842569,0.7289234657158851
12009,0.5451244255906545,0.01204781992170325,0.4428277544876422
12010,0.1396671542115848,0.08090619453224256,0.7794266512561728
12011,0.04981004098349524,0.013979081266776234,0.9362108777497287
12012,0.25687078166860977,0.03067722971109028,0.7124519886203001
12013,0.5410899549320103,0.006340403134287116,0.45256964193370264
12014,0.8978944935292307,0.01891307871028594,0.0831924277604835
12015,0.9766021831218215,0.012192700897604694,0.011205115980573728
12016,0.6411761135222442,0.034681960200435284,0.32414192627732047
12017,0.9804012887647675,0.006423272729224453,0.013175438506007957
12018,0.010545596876921155,0.01074477059578151,0.9787096325272973
12019,0.8873682295571337,0.00324706877088362,0.10938470167198262
12020,0.9546142067687496,0.009172849496281622,0.036212943734968805
12021,0.00850106549458821,0.0122675483419737,0.9792313861634381
12022,0.6557354926288622,0.016971520173858827,0.327292987197279
12023,0.7012979506262287,0.1117114114290109,0.18699063794476037
12024,0.9670224995380138,0.002441374801425141,0.0305361256605611
12025,0.3425827254016229,0.012772020922163523,0.6446452536762136
12026,0.4429866880451662,0.02748562143608052,0.5295276905187533
12027,0.8607193387915816,0.007643530922748133,0.1316371302856703
12028,0.8227438982224596,0.06163423080288032,0.11562187097466012
12029,0.052555858854838856,0.029452546934677783,0.9179915942104834
12030,0.9840799270574868,0.0017297443067680355,0.014190328635745377
12031,0.8622180887629401,0.04612352756790972,0.09165838366915002
12032,0.9248481172865249,0.058445450065740555,0.01670643264773449
12033,0.9453638601679777,0.008688395148666102,0.045947744683356266
12034,0.09821921755799363,0.010304878336743395,0.891475904105263
12035,0.019340471914347335,0.0030396619741809277,0.9776198661114718
12036,0.653729939177785,0.06028243365191154,0.28598762717030357
12037,0.047178270432718244,0.010116064882910069,0.9427056646843717
12038,0.9815373244705992,0.004119365193281424,0.01434331033611952
12039,0.8876184995432701,0.05693854417810578,0.0554429562786242
12040,0.8966496877898874,0.006717133030771052,0.09663317917934151
12041,0.2973489782825937,0.12430561487519974,0.5783454068422066
12042,0.6010846828888322,0.006516811795706095,0.39239850531546167
12043,0.9314873382710512,0.016499897240540806,0.05201276448840792
12044,0.5294538213240314,0.08148307558726246,0.3890631030887061
12045,0.18124424792140495,0.01279846744899444,0.8059572846296007
12046,0.01885352589762639,0.00472845724651182,0.9764180168558618
12047,0.7693406066402789,0.14286772834149555,0.0877916650182257
12048,0.9609032782988332,0.0024981671092844998,0.036598554591882486
12049,0.9210286021104178,0.028676421494128367,0.050294976395453855
12050,0.2115416905547751,0.1008218616345501,0.687636447810675
12051,0.9725132403943612,0.017341511594562087,0.010145248011076758
12052,0.8077423593618354,0.053605965222094355,0.13865167541607043
12053,0.9144628342127469,0.011401801624198666,0.07413536416305448
12054,0.8392571770461121,0.10166314315352998,0.05907967980035786
12055,0.9704695051685367,0.009879288915965246,0.019651205915498047
12056,0.8503926969094067,0.01209160934818154,0.13751569374241188
12057,0.815817053218142,0.1021570164749996,0.08202593030685838
12058,0.8955732363288916,0.04356112319251603,0.060865640478592414
12059,0.7364485363829253,0.011544303490926156,0.2520071601261486
12060,0.6771895446290305,0.1373930512949306,0.1854174040760391
12061,0.5739623944426284,0.015036177819064802,0.4110014277383069
12062,0.02183305602834866,0.034527167066668814,0.9436397769049826
12063,0.8883221581425593,0.06108760392572384,0.050590237931716846
12064,0.9485271502995387,0.006798967091378291,0.04467388260908304
12065,0.9731595190307997,0.006998117343362516,0.01984236362583783
12066,0.9709181240369267,0.008998558162677835,0.02008331780039545
12067,0.9253917945442107,0.02523023817208662,0.04937796728370266
12068,0.6931687844977675,0.05491945422342343,0.25191176127880915
12069,0.5051634160151598,0.011817033817960178,0.48301955016688
12070,0.9606283017254126,0.0055266366699604315,0.03384506160462705
12071,0.9676870549935529,0.00448962403450399,0.027823320971943188
12072,0.6933027240657098,0.20161303343380296,0.10508424250048724
12073,0.8689353693643634,0.02304614015956409,0.10801849047607257
12074,0.2815280208332897,0.05539059532066131,0.6630813838460491
12075,0.6618938170659078,0.050645489401651485,0.2874606935324408
12076,0.6769491142878251,0.017616575211659956,0.305434310500515
12077,0.4291887659415879,0.4203274160368769,0.15048381802153524
12078,0.9834309919846482,0.00604944945733804,0.010519558558013708
12079,0.9401700433366598,0.004534604850023791,0.05529535181331629
12080,0.9705593986784781,0.0038310447267289904,0.02560955659479291
12081,0.9748811904041851,0.005665963636743398,0.01945284595907156
12082,0.8923930329180175,0.007640203059451685,0.09996676402253073
12083,0.31635631843551887,0.2315713986272236,0.4520722829372576
12084,0.8310502675619652,0.016055768370728443,0.1528939640673064
12085,0.6285780522513116,0.011947236801721228,0.35947471094696726
12086,0.013199139062942726,0.005743354941760735,0.9810575059952965
12087,0.012161062639820733,0.014141162790091455,0.9736977745700879
12088,0.8865009372784992,0.009523293078317122,0.10397576964318361
12089,0.9522745875436,0.005053416128309292,0.04267199632809092
12090,0.8875106134436391,0.018173118220679522,0.09431626833568138
12091,0.02641320177169735,0.12735029496615213,0.8462365032621506
12092,0.22151937720178358,0.05103546220981208,0.7274451605884044
12093,0.8474050290065022,0.0619576837152765,0.09063728727822148
12094,0.9362029105605921,0.006500029077832546,0.05729706036157536
12095,0.6169238756935654,0.017992700669492493,0.3650834236369421
12096,0.7358053531860366,0.015980972240498506,0.24821367457346505
12097,0.7118721128666338,0.02359884560473843,0.26452904152862794
12098,0.5706990442651395,0.01671512251056384,0.4125858332242967
12099,0.8214693580984621,0.02830955195005538,0.1502210899514825
12100,0.10765232889312377,0.05020506002281915,0.8421426110840572
12101,0.4131568516296586,0.03142203886730963,0.5554211095030318
12102,0.9443851739647271,0.011315001563381043,0.04429982447189195
12103,0.9072232527973673,0.013424180446490328,0.07935256675614248
12104,0.9479794066279649,0.033446967806602404,0.018573625565432853
12105,0.6327570840141771,0.009417232582485032,0.35782568340333804
12106,0.8484759291109462,0.02219840739291522,0.12932566349613875
12107,0.9123396970358202,0.03157640773522138,0.05608389522895845
12108,0.7642325375509483,0.012728448290463242,0.22303901415858857
12109,0.8711934323096978,0.044849340423402405,0.08395722726689982
12110,0.08189492842050985,0.03725599663794496,0.8808490749415452
12111,0.9335156905885599,0.019224408447321272,0.04725990096411901
12112,0.00475595946004168,0.00262702644763258,0.9926170140923257
12113,0.027097619845896963,0.009188153612135569,0.9637142265419675
12114,0.9357253456005207,0.005688665991253678,0.0585859884082255
12115,0.11288324944733076,0.007078927140341369,0.880037823412328
12116,0.20400734030567835,0.03683962105946983,0.7591530386348518
12117,0.24939145688209577,0.018836214396621778,0.7317723287212824
12118,0.8712589742119593,0.00824335257433775,0.12049767321370282
12119,0.7559901497360614,0.015422205256056186,0.22858764500788273
12120,0.04214845264195189,0.021915239882808666,0.9359363074752395
12121,0.958597430578421,0.003984151881233823,0.0374184175403453
12122,0.3951866465701605,0.012244106033505309,0.5925692473963342
12123,0.3357735238584952,0.018834832185715248,0.6453916439557895
12124,0.9526579112322036,0.017902566023572177,0.029439522744224286
12125,0.8631590238333988,0.004788456861628098,0.132052519304973
12126,0.30370291512978176,0.052339359075016356,0.6439577257952019
12127,0.7089057229536494,0.04435195594274284,0.24674232110360783
12128,0.8338318122760808,0.007068315324033295,0.15909987239988602
12129,0.9364458628244011,0.005492639719962846,0.05806149745563612
12130,0.8302214119703976,0.06944945939559156,0.10032912863401101
12131,0.8538003523752767,0.03493263269944099,0.11126701492528225
12132,0.8414574697434434,0.0638323330642492,0.09471019719230746
12133,0.1404272382290638,0.028930857495244034,0.8306419042756922
12134,0.09265926164285708,0.1479014002719484,0.7594393380851946
12135,0.9681798512057053,0.010046179107466082,0.021773969686828612
12136,0.3276877469645927,0.5412204869596672,0.13109176607574016
12137,0.12613100045719222,0.03636535381787525,0.8375036457249326
12138,0.5771618034932068,0.03282559833809592,0.39001259816869743
12139,0.29186188030410437,0.07454665524777097,0.6335914644481248
12140,0.8949264438475188,0.01958044177832501,0.08549311437415619
12141,0.020210199389548444,0.0111481316051963,0.9686416690052553
12142,0.9624216710297795,0.008390540495239573,0.029187788474980953
12143,0.8206554697954299,0.00529279139755334,0.1740517388070166
12144,0.949431331893146,0.014015428086704357,0.03655324002014962
12145,0.9799951678029122,0.003186707803253219,0.016818124393834535
12146,0.25395279577700597,0.03795136787163803,0.708095836351356
12147,0.9340908202419308,0.010432139628333188,0.055477040129735894
12148,0.014062348429952269,0.0018991309202140414,0.9840385206498338
12149,0.7221385648727866,0.014947015053319612,0.26291442007389393
12150,0.8266280673225743,0.03231521693775895,0.14105671573966677
12151,0.908034184078401,0.02887103943457085,0.06309477648702837
12152,0.28780830431974463,0.02659099246190958,0.6856007032183459
12153,0.9822740800632804,0.008343952245100051,0.009381967691619543
12154,0.02487586849942603,0.01380887039734931,0.9613152611032246
12155,0.9485782969478603,0.005598185836780155,0.04582351721535951
12156,0.7989398374310296,0.022580335698273783,0.17847982687069666
12157,0.5223913443140572,0.016169120601542235,0.4614395350844008
12158,0.9485521795128748,0.006175000711102283,0.045272819776022856
12159,0.9349761324670216,0.0038980874174790324,0.06112578011549951
12160,0.37765045571010253,0.220105709661663,0.4022438346282345
12161,0.30557960246444055,0.025055051305136015,0.6693653462304237
12162,0.8697526671681501,0.0058179282753087385,0.12442940455654111
12163,0.4757609427348433,0.02100681129671265,0.5032322459684442
12164,0.923113184132024,0.014095952237957716,0.0627908636300183
12165,0.9531410488899971,0.0076497412406014926,0.0392092098694015
12166,0.0175407104804112,0.005860518365459273,0.9765987711541294
12167,0.8438192268890438,0.012120456635406758,0.14406031647554948
12168,0.009071909512436537,0.012091862662813016,0.9788362278247505
12169,0.9316119621075408,0.00951453511454903,0.058873502777910126
12170,0.9219575486574649,0.008045129801550555,0.06999732154098458
12171,0.8513569635562928,0.04122153266388944,0.10742150377981773
12172,0.838409063844612,0.010386942851468725,0.15120399330391943
12173,0.9210845695404108,0.051761974760032185,0.02715345569955698
12174,0.3432670452084537,0.056684552842583266,0.600048401948963
12175,0.9845931944491002,0.005974496029916776,0.009432309520983192
12176,0.014242090698774948,0.0028871394256351096,0.98287076987559
12177,0.26868428548134166,0.01577033301982989,0.7155453814988285
12178,0.7968358670438039,0.05948121867273234,0.1436829142834638
12179,0.6516254784735874,0.011904760485709329,0.3364697610407032
12180,0.489006975465742,0.01674194901626734,0.49425107551799063
12181,0.9876380859939303,0.0034870794447762732,0.008874834561293248
12182,0.8817685330708156,0.041458513131921386,0.07677295379726286
12183,0.010155163626238408,0.003482106997837259,0.9863627293759244
12184,0.15560176484350555,0.041696897740125215,0.8027013374163693
12185,0.9562565293103901,0.0058919105261028195,0.037851560163507166
12186,0.33744837198712246,0.06076240617820051,0.601789221834677
12187,0.5751812972469964,0.024976371858186252,0.3998423308948174
12188,0.9583677714284055,0.006686195151452733,0.0349460334201419
12189,0.6517831686478366,0.04578973501145131,0.30242709634071224
12190,0.641779847577549,0.15065108461049495,0.20756906781195608
12191,0.2261005288815681,0.029810856348908777,0.7440886147695231
12192,0.8820478234498664,0.015139377383124774,0.10281279916700893
12193,0.9461138164830692,0.02327286009570487,0.03061332342122589
12194,0.5854606424653194,0.018179310330041956,0.3963600472046388
12195,0.5160353230424973,0.0658479554354459,0.41811672152205676
12196,0.965065091961815,0.005935820471546747,0.028999087566638184
12197,0.9836686350847806,0.008418088142955199,0.007913276772264102
12198,0.1878414930486004,0.015760617119015243,0.7963978898323846
12199,0.11607401282931475,0.02507818241223106,0.8588478047584543
12200,0.9380858129712134,0.017337866202853106,0.04457632082593351
12201,0.01608708126710123,0.005095666753415703,0.9788172519794832
12202,0.5803192743807538,0.05238564459157407,0.36729508102767217
12203,0.48536807931189924,0.01967508327927114,0.4949568374088296
12204,0.37312837429256107,0.029200008015833688,0.5976716176916054
12205,0.598677355654603,0.3013303031115325,0.09999234123386457
12206,0.8842389731893089,0.01794574802814058,0.0978152787825505
12207,0.9821815788688044,0.007832991847185422,0.00998542928401012
12208,0.9726312355659888,0.011179996274121418,0.016188768159889882
12209,0.8746663875621953,0.024276431150989753,0.10105718128681496
12210,0.9197021729459206,0.012540632839789862,0.06775719421428944
12211,0.786945990472178,0.04224798950761039,0.1708060200202118
12212,0.8361956272856433,0.004787402333682667,0.15901697038067406
12213,0.9856902601724028,0.0033490149664417005,0.010960724861155442
12214,0.9321542129932665,0.0038823253385713526,0.06396346166816222
12215,0.017115233072604076,0.005584492596396405,0.9773002743309995
12216,0.043677199010568914,0.023975840481286474,0.9323469605081446
12217,0.9665570087172284,0.01000041267623219,0.023442578606539588
12218,0.8955111332694158,0.013856710510279239,0.09063215622030503
12219,0.9799983850448514,0.003984124391396769,0.016017490563751905
12220,0.35984114295765474,0.04804123883230748,0.5921176182100379
12221,0.9018369459518475,0.010364511142724978,0.08779854290542756
12222,0.8620516417668627,0.027877452541356002,0.11007090569178128
12223,0.9799612221915613,0.0074080159182486035,0.012630761890190184
12224,0.5377473475764464,0.10676454769622852,0.35548810472732517
12225,0.05804473937572704,0.011720536419770711,0.9302347242045023
12226,0.9366251159288442,0.029733661597274773,0.03364122247388101
12227,0.17767794567241937,0.06801279305351716,0.7543092612740636
12228,0.4103966953082368,0.08641341958717107,0.5031898851045923
12229,0.9582157584273857,0.005879246367551847,0.035904995205062344
12230,0.5726516479980299,0.01776384893125291,0.4095845030707173
12231,0.041828721094156474,0.009074538254198695,0.9490967406516447
12232,0.9672391523563598,0.003906005944884086,0.028854841698756
12233,0.9817578434437112,0.005358909877633254,0.01288324667865573
12234,0.24368924536346342,0.03767635621276938,0.7186343984237673
12235,0.7808671870253652,0.02637830621882918,0.19275450675580555
12236,0.2958093608335284,0.016391076201453327,0.6877995629650183
12237,0.8846697294679545,0.025883554693018722,0.08944671583902665
12238,0.040641333458351865,0.004255762965143541,0.9551029035765046
12239,0.8118154616204295,0.006882349171590378,0.1813021892079803
12240,0.5494477616665113,0.006854282634740203,0.4436979556987484
12241,0.01129242927678109,0.004560870581346508,0.9841467001418723
12242,0.061644733031307096,0.015876178561574344,0.9224790884071185
12243,0.21301028346415923,0.6534477516579248,0.13354196487791603
12244,0.06123003570002388,0.016890395798945725,0.9218795685010305
12245,0.55496707414805,0.044332019833293906,0.40070090601865616
12246,0.9384393448013157,0.006710101144673682,0.05485055405401076
12247,0.9216098738369128,0.015272754510407483,0.06311737165267974
12248,0.7440501389943838,0.02005815602077846,0.23589170498483777
12249,0.4481918231308682,0.06322691975371193,0.48858125711541983
12250,0.2621786403149165,0.07575242640811944,0.6620689332769641
12251,0.9144517509765543,0.007887788473818396,0.07766046054962722
12252,0.3855965168573856,0.03612282461167115,0.5782806585309435
12253,0.9759281294616354,0.0084944255129511,0.015577445025413618
12254,0.7612371211079817,0.04443065701822851,0.1943322218737897
12255,0.9615684308263932,0.002980681350780772,0.03545088782282612
12256,0.3102186588016182,0.07762333545450388,0.612158005743878
12257,0.8367444772454689,0.010327306131373153,0.15292821662315806
12258,0.15379565351946248,0.056881051191540105,0.7893232952889975
12259,0.48994365427662184,0.04650878585428167,0.4635475598690965
12260,0.7651529489758736,0.08346253794007445,0.151384513084052
12261,0.06946390156576761,0.013289631993015872,0.9172464664412165
12262,0.042730978966025214,0.019013288631056207,0.9382557324029185
12263,0.5897824879825425,0.00923641057003524,0.40098110144742233
12264,0.9557496828878878,0.007771731051466413,0.036478586060645884
12265,0.9736454127755145,0.00256024862675614,0.02379433859772936
12266,0.0131196292213219,0.00890931839872692,0.9779710523799512
12267,0.9747432415079802,0.003795668506267188,0.021461089985752583
12268,0.10071377606326663,0.01691089665182837,0.882375327284905
12269,0.9160993768897892,0.019109738259548426,0.06479088485066259
12270,0.13553388557274085,0.19921430211112953,0.6652518123161296
12271,0.962422462549915,0.014485399890818217,0.023092137559266823
12272,0.39527418120673224,0.0754839239242957,0.5292418948689721
12273,0.9124427915079002,0.014239554355527284,0.0733176541365727
12274,0.8240909614621738,0.04858815031603483,0.1273208882217916
12275,0.5254548830827463,0.151202296176111,0.3233428207411429
12276,0.9564055105176356,0.005498180904813806,0.0380963085775508
12277,0.01716622337583425,0.002696600364608727,0.9801371762595571
12278,0.1357831340142551,0.010385360417351759,0.8538315055683932
12279,0.37586076432385057,0.06536717365221446,0.558772062023935
12280,0.3174385057379478,0.10802997281710529,0.574531521444947
12281,0.09562855885396872,0.12031232829404948,0.7840591128519819
12282,0.3268760447176769,0.006736286692606037,0.6663876685897171
12283,0.8754469909069352,0.008597521967439589,0.11595548712562541
12284,0.9761194370528288,0.009660593185024284,0.014219969762147016
12285,0.16224093025229006,0.0866873550811866,0.7510717146665233
12286,0.8552540922413648,0.02861704630947771,0.11612886144915747
12287,0.9131476935773933,0.011128670644651518,0.0757236357779551
12288,0.7093894119317266,0.023124941361381164,0.2674856467068923
12289,0.33873831023941425,0.17776064888351037,0.4835010408770754
12290,0.012623209345714894,0.004641325298186272,0.9827354653560989
12291,0.3401660320167762,0.06791980298774598,0.5919141649954779
12292,0.8065175804058696,0.0222339108427704,0.1712485087513599
12293,0.007107784842892282,0.005226983935391653,0.9876652312217161
12294,0.9805591575708127,0.0019733038519639937,0.01746753857722343
12295,0.016751685036716868,0.004536117125682159,0.9787121978376009
12296,0.9564496816818694,0.004455606683788123,0.03909471163434236
12297,0.958449717387652,0.011260200618331235,0.030290081994016775
12298,0.6254526431664978,0.008312473946827307,0.36623488288667494
12299,0.4838246777766921,0.0669235891057842,0.4492517331175237
12300,0.12951927204839495,0.19063763804823397,0.6798430899033711
12301,0.12866647674645398,0.7059099108987044,0.16542361235484168
12302,0.2613885364812273,0.24838522904502966,0.4902262344737431
12303,0.47067738437666795,0.027778766699807486,0.5015438489235247
12304,0.010631100174095826,0.002034156928972838,0.9873347428969313
12305,0.9038068964459933,0.010437582768102803,0.0857555207859038
12306,0.8133314436791136,0.003367499744732254,0.18330105657615417
12307,0.6493912604775374,0.012389263032795687,0.33821947648966694
12308,0.9545486894190148,0.0205974997338095,0.024853810847175823
12309,0.681705220884974,0.03868259947463728,0.27961217964038876
12310,0.5706813895854407,0.039643673404993654,0.3896749370095656
12311,0.021023546785034163,0.00582660227405937,0.9731498509409064
12312,0.8441732598287189,0.029659254031248198,0.12616748614003295
12313,0.15526721389648346,0.06335956192574489,0.7813732241777716
12314,0.8750101176087371,0.04569322348865731,0.07929665890260548
12315,0.9385970398268999,0.004062196352062159,0.057340763821037984
12316,0.1753545101413913,0.020707787145929794,0.803937702712679
12317,0.6600729295475457,0.03856510678435745,0.301361963668097
12318,0.7514854741590326,0.016566935220549184,0.23194759062041845
12319,0.7507505546286201,0.16689380247747493,0.08235564289390508
12320,0.09779743642766939,0.5874386217184497,0.31476394185388096
12321,0.8584996228295655,0.010877109606470198,0.1306232675639645
12322,0.801826299891656,0.027691278758790152,0.17048242134955388
12323,0.04118982348409425,0.019950691110001903,0.9388594854059039
12324,0.8695214108707644,0.006814328695939695,0.12366426043329604
12325,0.9622612729913569,0.004428795322135041,0.033309931686508226
12326,0.932281390079282,0.006610340819625224,0.061108269101092835
12327,0.41183865382441454,0.07562122270821948,0.5125401234673661
12328,0.8572666739931679,0.028056675750526058,0.11467665025630605
12329,0.10243733423904826,0.026229457265668773,0.871333208495283
12330,0.00957553252771695,0.008088463334326033,0.982336004137957
12331,0.5557082158638377,0.034456740213681385,0.409835043922481
12332,0.3740143057690365,0.24264999402092388,0.3833357002100397
12333,0.8233566646564198,0.02718542152586555,0.14945791381771473
12334,0.7024530240977239,0.22339650873456704,0.07415046716770889
12335,0.9513134929715547,0.012202441480610724,0.03648406554783468
12336,0.8778881681000751,0.009778467830242192,0.11233336406968282
12337,0.9486964701581253,0.004594782829051868,0.04670874701282277
12338,0.7708355155727614,0.013970142187208394,0.2151943422400303
12339,0.08325098626820084,0.03246480700845701,0.8842842067233422
12340,0.15393515105588781,0.3857185037996992,0.4603463451444131
12341,0.03752482489636843,0.045895804676991434,0.9165793704266402
12342,0.9656419347915166,0.019986794588182834,0.014371270620300573
12343,0.9574404439621614,0.011624031472717575,0.03093552456512091
12344,0.9409518487158585,0.009891488402047203,0.04915666288209431
12345,0.8527102899116713,0.025277570458764265,0.1220121396295643
12346,0.1607310333886273,0.04897820405154275,0.79029076255983
12347,0.07780037595022944,0.02008532270782328,0.9021143013419473
12348,0.877106355078102,0.011221298890609995,0.11167234603128819
12349,0.5965891180288428,0.11245587936424967,0.2909550026069076
12350,0.058862367736162484,0.018079276569180455,0.9230583556946571
12351,0.9452848520295517,0.008581509897642054,0.04613363807280619
12352,0.38698555028310855,0.08012716309861709,0.5328872866182746
12353,0.6543953508199682,0.02338042145363075,0.322224227726401
12354,0.9429067022683744,0.005022515032412803,0.05207078269921293
12355,0.7948523719434576,0.01675219729260649,0.18839543076393597
12356,0.1510203653957017,0.014103759518390683,0.8348758750859077
12357,0.9339418653046995,0.013133059728704563,0.052925074966595924
12358,0.15801251196469665,0.01196210516347519,0.8300253828718283
12359,0.835928970024024,0.012670800949154579,0.15140022902682135
12360,0.1420788462080474,0.01840832910142572,0.839512824690527
12361,0.29644234546521525,0.006980780711159556,0.6965768738236253
12362,0.8404287095936193,0.004625048710248837,0.154946241696132
12363,0.9642838977075958,0.003961198218170997,0.03175490407423317
12364,0.8966727933125355,0.006069085335886424,0.09725812135157817
12365,0.948838915091916,0.029353179158193188,0.021807905749890975
12366,0.45495057896466956,0.055307494799228106,0.48974192623610235
12367,0.0594361692942933,0.006494852757437624,0.9340689779482693
12368,0.5180738242386712,0.16908865178302943,0.3128375239782994
12369,0.014423636057501193,0.0021047480188034692,0.9834716159236954
12370,0.9515844209275907,0.008879841853583871,0.03953573721882548
12371,0.23334964164306146,0.01481858274345989,0.7518317756134787
12372,0.9740563308628953,0.004961845931287898,0.020981823205816673
12373,0.11433501772637489,0.013567555228193551,0.8720974270454316
12374,0.6227400397640578,0.10979930518711102,0.26746065504883126
12375,0.9569040450452372,0.018679257627030075,0.024416697327732818
12376,0.25876163281621684,0.0175462447661973,0.723692122417586
12377,0.13480283826519604,0.014224202629688695,0.8509729591051153
12378,0.9428761274046493,0.003737320631222914,0.053386551964127886
12379,0.22133162628936312,0.005290790923842177,0.7733775827867947
12380,0.17448922386056898,0.010269131628473451,0.8152416445109576
12381,0.9356086257261221,0.04376166632258489,0.020629707951292823
12382,0.3783766287293931,0.007856627156255241,0.6137667441143518
12383,0.9849530926641723,0.005652840853418775,0.009394066482408961
12384,0.23066464546624887,0.010298036502728447,0.7590373180310227
12385,0.8686368650282014,0.004344238028418037,0.12701889694338067
12386,0.09091220793854767,0.031421166440578484,0.8776666256208739
12387,0.9534662682676146,0.02706193079627153,0.01947180093611389
12388,0.564784479540949,0.009612316938051717,0.4256032035209993
12389,0.9418781089244971,0.005828405895428829,0.052293485180074144
12390,0.9106918797253247,0.00603130337984538,0.0832768168948298
12391,0.009633869232895827,0.0026921194086035123,0.9876740113585006
12392,0.4598688505015898,0.2913053982601912,0.248825751238219
12393,0.9093335749226533,0.03888334411164485,0.05178308096570186
12394,0.920284842077436,0.00819631582581215,0.07151884209675193
12395,0.7573317716315371,0.019126072355496952,0.22354215601296604
12396,0.9807655214609357,0.002557217061170181,0.01667726147789421
12397,0.5234633232156523,0.03452969583886447,0.44200698094548346
12398,0.059447656837837315,0.0075424984363517905,0.9330098447258109
12399,0.3398682281080804,0.01870892021229769,0.641422851679622
12400,0.9501712374797525,0.0140039452986421,0.03582481722160545
12401,0.9855194149412226,0.0022661872808227043,0.012214397777954626
12402,0.9609424143633689,0.009847347241221315,0.029210238395409746
12403,0.9138754286279672,0.010225052698918595,0.07589951867311427
12404,0.42232594167923604,0.01808432952605284,0.5595897287947111
12405,0.4396015242941584,0.14356704436471243,0.41683143134112915
12406,0.9626309791957597,0.0035900655755611885,0.03377895522867919
12407,0.9537786883602768,0.011192055965773795,0.03502925567394933
12408,0.04201893264613044,0.017801323203411757,0.9401797441504578
12409,0.8840928664850596,0.012913946904473264,0.10299318661046714
12410,0.5182087261836932,0.0369370072364131,0.4448542665798938
12411,0.9697327336693756,0.003490466676042803,0.026776799654581566
12412,0.6156381703699451,0.01020419818322554,0.37415763144682956
12413,0.9282934535745525,0.04460023456937336,0.027106311856074233
12414,0.953769917777553,0.004550096949470701,0.04167998527297622
12415,0.9320564405446846,0.007139620265806029,0.06080393918950946
12416,0.9062287590928285,0.01082501635998333,0.08294622454718824
12417,0.01470478198346949,0.011252428046019928,0.9740427899705105
12418,0.18022538137877323,0.03041975863616771,0.789354859985059
12419,0.02021523310815365,0.003917158899670378,0.975867607992176
12420,0.8716593809988896,0.015558737655036937,0.1127818813460735
12421,0.08105241070739767,0.006856743372666468,0.9120908459199358
12422,0.08161963122440188,0.21615410713803931,0.702226261637559
12423,0.5724821043369767,0.19931706386098244,0.22820083180204104
12424,0.8375312120851407,0.07432454537288756,0.08814424254197174
12425,0.9527481626757661,0.008282500235596192,0.03896933708863777
12426,0.07768431005510232,0.01995154104082609,0.9023641489040716
12427,0.5554497510386388,0.16406247272626448,0.2804877762350968
12428,0.24094346100008088,0.6590037143108175,0.1000528246891017
12429,0.8638800607741927,0.004835679172621247,0.13128426005318608
12430,0.8951282756993685,0.012632411249643122,0.09223931305098841
12431,0.4578408371862301,0.06617315983337779,0.4759860029803922
12432,0.6499104889272799,0.01926806235572122,0.330821448716999
12433,0.9209983340900866,0.005990633787710676,0.07301103212220277
12434,0.9019463816012142,0.008708905516496066,0.08934471288228979
12435,0.2228621242720878,0.058597418943231776,0.7185404567846806
12436,0.9173642693393412,0.004812486596204311,0.07782324406445444
12437,0.11869170524976058,0.020161813256874602,0.8611464814933648
12438,0.8824298154703974,0.03111551566363616,0.08645466886596637
12439,0.7425475244508352,0.10479330566344813,0.1526591698857168
12440,0.7940917934322907,0.010767620573611155,0.19514058599409814
12441,0.7907489247924402,0.007452934716569789,0.20179814049099007
12442,0.9641390985768777,0.01257514145764812,0.023285759965474107
12443,0.9242431749188186,0.018742293529506463,0.057014531551675025
12444,0.009158011191723983,0.002203197616479475,0.9886387911917965
12445,0.822178376956387,0.014077806044498946,0.16374381699911403
12446,0.20071983094006401,0.03524894634619439,0.7640312227137417
12447,0.8755004473271469,0.006457864458393661,0.11804168821445941
12448,0.9460247556563524,0.016168368806092036,0.03780687553755565
12449,0.1312099387053355,0.03222708114963321,0.8365629801450314
12450,0.885481818162624,0.00845806168923006,0.10606012014814603
12451,0.9430598571278127,0.010046379461025419,0.046893763411161825
12452,0.8563399313992547,0.06513157339929253,0.07852849520145291
12453,0.005376369484220334,0.00257388110295869,0.992049749412821
12454,0.9731395709619225,0.002168262621109487,0.024692166416968073
12455,0.8720222148697653,0.028979609098822964,0.09899817603141184
12456,0.01529562604872323,0.009944577552558547,0.9747597963987183
12457,0.9221549821642047,0.011151800809194182,0.06669321702660128
12458,0.90113031915306,0.004559326132051488,0.09431035471488863
12459,0.9487841227651633,0.004377870242118693,0.04683800699271792
12460,0.7311264428910004,0.01125981983857807,0.2576137372704217
12461,0.8002570968331818,0.005940078917974187,0.19380282424884418
12462,0.9058457772481276,0.012236031100483496,0.08191819165138901
12463,0.8028079262792647,0.011065956288039167,0.18612611743269628
12464,0.293024338232486,0.0549004203603044,0.6520752414072097
12465,0.9745125778113978,0.006203228161396577,0.019284194027205534
12466,0.9636100118531526,0.016397291321529835,0.01999269682531758
12467,0.6375117592971329,0.04479794608410039,0.3176902946187668
12468,0.9734183119168677,0.0037974493256723737,0.022784238757460013
12469,0.974319695304034,0.006767636616415672,0.018912668079550467
12470,0.9427157591869273,0.003669400601141232,0.0536148402119316
12471,0.6910754291884248,0.066872492499068,0.2420520783125072
12472,0.9319424833912736,0.03511522917832453,0.03294228743040192
12473,0.9312960885127274,0.03382399257889011,0.03487991890838262
12474,0.9541515160975612,0.007496139589946746,0.038352344312492105
12475,0.67019686600457,0.18625519111542727,0.14354794288000305
12476,0.8188116512386548,0.09224340021449824,0.08894494854684692
12477,0.9115993080950263,0.007556138317390251,0.08084455358758358
12478,0.07603229862964932,0.20484189720874477,0.7191258041616061
12479,0.07900489359394712,0.01992233177068314,0.9010727746353698
12480,0.36057725357767384,0.008232642355804369,0.6311901040665219
12481,0.9298764023394281,0.008522455328476357,0.061601142332095495
12482,0.9676772079630321,0.007508059975627303,0.02481473206134056
12483,0.9089709703889562,0.0035836792542902913,0.08744535035675344
12484,0.5935546722927817,0.028313562542492784,0.3781317651647256
12485,0.008206100703485172,0.0026660469233529753,0.989127852373162
12486,0.7238595507975384,0.11965249014197703,0.1564879590604845
12487,0.9628308824994033,0.00421931121779501,0.032949806282801745
12488,0.3681261978969715,0.015325803677090286,0.6165479984259383
12489,0.41739895782954595,0.04783987087454971,0.5347611712959045
12490,0.8630492018405097,0.0038463296993091365,0.1331044684601813
12491,0.8928056195422396,0.008158908631395187,0.09903547182636525
12492,0.9729942853360389,0.01524018797996342,0.011765526683997638
12493,0.972371381431824,0.002976510782885564,0.02465210778529038
12494,0.9392598577403318,0.020141281928848464,0.040598860330819865
12495,0.16309291219800354,0.043595407919108174,0.7933116798828883
12496,0.020129218474196475,0.003272088207910717,0.9765986933178928
12497,0.12943675071737695,0.011269248949696926,0.859294000332926
12498,0.6439059074275612,0.09580439668545472,0.2602896958869843
12499,0.7761724339587817,0.019865103312921475,0.2039624627282969
12500,0.06268362094208212,0.01634970616112134,0.9209666728967965
12501,0.010490343511524674,0.002257745270189818,0.9872519112182855
12502,0.946969697404265,0.018989332542664605,0.034040970053070475
12503,0.6228226136159638,0.21632017662886402,0.1608572097551724
12504,0.7128820846173461,0.0248539424763923,0.26226397290626163
12505,0.9120368856385918,0.007930411642068405,0.0800327027193399
12506,0.5172672269340991,0.03664678560208352,0.4460859874638175
12507,0.0467038663279112,0.015415642212657104,0.9378804914594318
12508,0.5215851152494937,0.060804430304788805,0.4176104544457176
12509,0.6123357786498501,0.014453774032246269,0.37321044731790365
12510,0.9673688973201057,0.014256576549201915,0.018374526130692417
12511,0.9667510592772014,0.007576489097930398,0.025672451624868312
12512,0.8879434446948496,0.056407705743715335,0.05564884956143507
12513,0.9736684784642354,0.0040521787475111684,0.022279342788253508
12514,0.8984761956356292,0.007223880606832544,0.09429992375753835
12515,0.3756279698556564,0.18862568051325626,0.43574634963108744
12516,0.9127977708210696,0.0070655448555600004,0.08013668432337026
12517,0.7060629963678219,0.029983052388261006,0.26395395124391724
12518,0.9427537704163812,0.010839360127573175,0.04640686945604556
12519,0.42604622503625894,0.010568766696771424,0.5633850082669697
12520,0.0490115761720133,0.05880796295798566,0.8921804608700011
12521,0.6446249035809329,0.032922358448932425,0.3224527379701347
12522,0.40068580785749147,0.10708262163040073,0.4922315705121077
12523,0.8427120403279205,0.005670762018987355,0.1516171976530922
12524,0.5153501196758751,0.14814640617801308,0.33650347414611187
12525,0.9628585860347171,0.00293462959657155,0.03420678436871141
12526,0.68455398488494,0.04069055620690105,0.27475545890815906
12527,0.4885642828816216,0.020747198516251293,0.4906885186021271
12528,0.9478940216826067,0.02338011109553952,0.028725867221853763
12529,0.8472177609384469,0.013893649259761744,0.13888858980179136
12530,0.9713620276442292,0.005201187317976082,0.02343678503779479
12531,0.6541667436816542,0.008377630669453373,0.3374556256488926
12532,0.0801435435552076,0.013221550314987552,0.9066349061298049
12533,0.6909277005442542,0.008713076898501664,0.3003592225572441
12534,0.8941283508546797,0.0060243596004394,0.09984728954488108
12535,0.9337049690032663,0.010012313373793014,0.05628271762294075
12536,0.9829785603243292,0.003199540377093729,0.013821899298577108
12537,0.025163981545555845,0.03168525101813773,0.9431507674363065
12538,0.8425110581018707,0.07171588035407787,0.08577306154405155
12539,0.9398922971728155,0.0105883362666211,0.049519366560563535
12540,0.042919487411050845,0.02169914525862734,0.9353813673303218
12541,0.9814620861777236,0.00446673332562278,0.014071180496653655
12542,0.014099437549372372,0.014132123049969953,0.9717684394006577
12543,0.5986721620290893,0.033895308528826225,0.3674325294420844
12544,0.8117422905599685,0.009647917051276744,0.1786097923887548
12545,0.5262181635853632,0.14698613239988087,0.32679570401475594
12546,0.30782878467177077,0.008417969485942521,0.6837532458422868
12547,0.9419953448770961,0.0028102581950498534,0.055194396927854
12548,0.07850999063581342,0.03002647676713137,0.8914635325970552
12549,0.7143908225474939,0.059363659255337514,0.22624551819716868
12550,0.017012671778027923,0.005178976228123734,0.9778083519938484
12551,0.9735828597295078,0.006891610834598827,0.01952552943589345
12552,0.7291774092728337,0.1811804713277444,0.08964211939942184
12553,0.9567676022570385,0.011032628753805314,0.03219976898915631
12554,0.3475056914938908,0.2636221324149946,0.38887217609111474
12555,0.9697843227225768,0.018467837679607274,0.011747839597815899
12556,0.909237104572906,0.0035119663424174542,0.08725092908467662
12557,0.01603871408369788,0.006468869372762865,0.9774924165435394
12558,0.07603768473298207,0.027948452386756414,0.8960138628802616
12559,0.9747781598630115,0.007383871553214067,0.01783796858377452
12560,0.8989059859608254,0.03508186070246538,0.06601215333670911
12561,0.03227319403251228,0.02430648537998253,0.9434203205875052
12562,0.08587676971925647,0.03794979450905029,0.8761734357716933
12563,0.9447433646332947,0.020199807168804543,0.03505682819790081
12564,0.943430971041722,0.01234947226527775,0.04421955669300022
12565,0.9074141345579432,0.02099306933951506,0.07159279610254178
12566,0.35418025079139326,0.4377656492831279,0.2080540999254789
12567,0.8936727493329468,0.011344784558246088,0.09498246610880708
12568,0.9528586526312539,0.009436364843847262,0.03770498252489892
12569,0.05894286023239078,0.025716864748535923,0.9153402750190734
12570,0.6370276118996877,0.20015449514345085,0.1628178929568615
12571,0.7992653547318614,0.01607088496854199,0.1846637602995966
12572,0.8931198645111764,0.012715192108479073,0.09416494338034452
12573,0.6504072330162857,0.051025034165725035,0.2985677328179895
12574,0.6389560771217714,0.019136160432043296,0.3419077624461853
12575,0.9854041140425387,0.001852108531172056,0.012743777426289179
12576,0.009162526810842762,0.012657876515494932,0.9781795966736622
12577,0.9285028567164814,0.004023182176626412,0.06747396110689229
12578,0.9687723702904608,0.0024554153359653158,0.028772214373573805
12579,0.1059050451597827,0.014118475278311662,0.8799764795619057
12580,0.20719171894754934,0.03699838986014633,0.7558098911923044
12581,0.25368855545842844,0.0230618528631959,0.7232495916783758
12582,0.9555275834133704,0.005888404157340598,0.03858401242928904
12583,0.16994288200181948,0.032018156929543164,0.7980389610686375
12584,0.6401836201623564,0.018194796485175982,0.3416215833524678
12585,0.9347426269049537,0.01116527288784097,0.0540921002072054
12586,0.9709230548287954,0.0024509524081091885,0.026625992763095435
12587,0.0071503223338880905,0.002178596165188395,0.9906710815009235
12588,0.42724011378493304,0.028081070560842275,0.5446788156542247
12589,0.9587474656567458,0.01855754394221944,0.022694990401034627
12590,0.049004103510975464,0.08042247783774811,0.8705734186512765
12591,0.9633203728966596,0.0024655254490042688,0.03421410165433599
12592,0.8087635976510109,0.05573552550647848,0.1355008768425107
12593,0.047206787789462634,0.018795487310544333,0.9339977248999931
12594,0.9496390945904015,0.034956292572007046,0.015404612837591295
12595,0.9831432433303445,0.003830485609297765,0.013026271060357792
12596,0.8999120677046134,0.03146888326794462,0.06861904902744201
12597,0.9157579431718982,0.017028861833069616,0.06721319499503235
12598,0.24969459073234518,0.32433737174492777,0.42596803752272705
12599,0.7599569444143467,0.004839002157936285,0.23520405342771708
12600,0.3119812567637517,0.024830735661028554,0.6631880075752198
12601,0.6311823440495982,0.051487583357678945,0.31733007259272294
12602,0.9147588995410453,0.010508785361402153,0.07473231509755258
12603,0.9821671547483638,0.003524614794090058,0.01430823045754639
12604,0.09468855182983661,0.008108075722102408,0.8972033724480611
12605,0.918012490209344,0.00361498624928224,0.07837252354137385
12606,0.41520451209551046,0.01410643644471804,0.5706890514597717
12607,0.9806668034966496,0.008847778057828116,0.010485418445522456
12608,0.9569193523585332,0.00752890889574336,0.03555173874572344
12609,0.595622857305362,0.013563462686461176,0.3908136800081768
12610,0.9669834638337591,0.0056905744142458645,0.027325961751995125
12611,0.07196415325013336,0.012477535491148783,0.9155583112587178
12612,0.7556310121043992,0.1548937606011933,0.08947522729440742
12613,0.9665509490790736,0.0053061812304463244,0.028142869690480108
12614,0.045336328979479194,0.02444985572702842,0.9302138152934923
12615,0.007329898669309768,0.006018164961868047,0.9866519363688222
12616,0.9463743690583155,0.017339532263305205,0.036286098678379446
12617,0.9132988545242077,0.0049499313455984816,0.08175121413019378
12618,0.18498600390510125,0.019320909794609004,0.7956930863002898
12619,0.8819326519837914,0.005072304878313487,0.11299504313789516
12620,0.669279122638887,0.020239178378226485,0.31048169898288663
12621,0.7404162635657631,0.015788034190287303,0.24379570224394964
12622,0.6528395127661984,0.024716989961223734,0.3224434972725778
12623,0.8232664671708773,0.0126896527727445,0.16404388005637816
12624,0.7655153670470489,0.18992790846237012,0.044556724490580964
12625,0.9293468164782087,0.04188531265102916,0.028767870870762022
12626,0.9566467849616713,0.0032752304184743447,0.04007798461985441
12627,0.03534104531029497,0.009309068195564154,0.955349886494141
12628,0.4053616907740709,0.03487457895488113,0.5597637302710481
12629,0.8079358670823721,0.024796916962073094,0.1672672159555548
12630,0.881652257702808,0.013511512727776061,0.104836229569416
12631,0.18020674250199598,0.010197009280871965,0.809596248217132
12632,0.007848317153411713,0.0015530846408030419,0.9905985982057853
12633,0.8066426893571467,0.12206250594974492,0.07129480469310859
12634,0.8928222172767699,0.03218702243185225,0.07499076029137773
12635,0.007939244418617193,0.006559438871149775,0.985501316710233
12636,0.8292839301915826,0.011177012962415234,0.1595390568460022
12637,0.8938487444641441,0.007050606255232751,0.09910064928062302
12638,0.9772016138304263,0.002809093524998102,0.019989292644575555
12639,0.9660390926983938,0.00542172010726173,0.02853918719434452
12640,0.972157637353161,0.007418376443200624,0.020423986203638392
12641,0.9242535706529414,0.005538414903137531,0.07020801444392118
12642,0.007145677884333588,0.001825567161558974,0.9910287549541076
12643,0.9678614407095915,0.01745157610515012,0.014686983185258315
12644,0.917334703908978,0.023741386671032087,0.05892390941998992
12645,0.2731927584241026,0.01976296361523899,0.7070442779606585
12646,0.8420165769462143,0.010243809553445511,0.14773961350034018
12647,0.6759693861543863,0.15947449288849228,0.16455612095712138
12648,0.09366480663089473,0.012296095464332458,0.8940390979047729
12649,0.9617721058885038,0.010854937524016747,0.02737295658747956
12650,0.06256918457201528,0.01847312867086768,0.9189576867571171
12651,0.04292905736964011,0.00787083571283653,0.9492001069175233
12652,0.7637334878194625,0.16763707640106923,0.06862943577946846
12653,0.7264089178567034,0.007645595074139317,0.2659454870691574
12654,0.2806372649696581,0.1453152040309834,0.5740475309993586
12655,0.414186141043578,0.013904053018887657,0.5719098059375344
12656,0.6710488993370786,0.027200829746927942,0.3017502709159936
12657,0.0655108733147265,0.02539522682218021,0.9090938998630934
12658,0.7606628281377541,0.023141930934977267,0.21619524092726866
12659,0.06164855653043547,0.010162623080354951,0.9281888203892098
12660,0.9365303048608878,0.00453834114527884,0.058931353993833424
12661,0.1907454046817254,0.010459649772860994,0.7987949455454136
12662,0.8010647720626832,0.1184036705226506,0.08053155741466615
12663,0.18619390362777202,0.006640193296685435,0.8071659030755426
12664,0.9089215568511145,0.01885887902945194,0.07221956411943363
12665,0.15981996160077236,0.14500989257992494,0.6951701458193028
12666,0.7836426801920323,0.030110518715292217,0.18624680109267566
12667,0.9716868772374292,0.005267892523173571,0.02304523023939733
12668,0.9676208149066233,0.006159415294169237,0.026219769799207492
12669,0.7640830748038158,0.015225650007348027,0.22069127518883633
12670,0.9442165242970229,0.0064308701688630026,0.0493526055341141
12671,0.6761778593680415,0.009709631657331715,0.3141125089746269
12672,0.9373135002429026,0.017677224340839553,0.04500927541625797
12673,0.8215223640662633,0.0320343537010389,0.14644328223269762
12674,0.008315136043700473,0.0033970172179017513,0.9882878467383979
12675,0.9524423259512628,0.01391343509356961,0.033644238955167514
12676,0.3118412221219498,0.021718829635252387,0.6664399482427977
12677,0.9592261126028877,0.012381029369908805,0.0283928580272034
12678,0.11961005005531201,0.05435940832459664,0.8260305416200914
12679,0.4578280009112887,0.22906644267962387,0.3131055564090875
12680,0.2819396507239204,0.006140931915673692,0.7119194173604061
12681,0.9001043664925624,0.011304894623944971,0.08859073888349273
12682,0.054876494031669686,0.013008783209019109,0.9321147227593113
12683,0.9429987376080256,0.0224470311727327,0.034554231219241706
12684,0.019466827736945337,0.00578404238541736,0.9747491298776373
12685,0.16306161111265427,0.010729742408265705,0.8262086464790801
12686,0.5462422884766933,0.009935256259049402,0.4438224552642574
12687,0.25235865185670675,0.09410618054313716,0.6535351676001562
12688,0.19394679563838946,0.03196614184288367,0.7740870625187269
12689,0.01943395727410965,0.008314487778022994,0.9722515549478674
12690,0.940069732743566,0.03254424357215636,0.02738602368427762
12691,0.8287383959793051,0.025286068319755915,0.145975535700939
12692,0.984222604635319,0.005020755803486858,0.010756639561194188
12693,0.8877059079544188,0.04197829857225927,0.07031579347332194
12694,0.00782147000992967,0.002984838008171821,0.9891936919818985
12695,0.8633782104093313,0.006456416781617905,0.13016537280905088
12696,0.621200847122427,0.01620645847312124,0.36259269440445197
12697,0.21006980199320827,0.03530859430828504,0.7546216036985068
12698,0.9827368907021456,0.007513318223571625,0.009749791074282596
12699,0.9441895523672618,0.018423436522449963,0.03738701111028815
12700,0.943642774205348,0.017975292648416557,0.03838193314623541
12701,0.9542341726147516,0.0049338556514623285,0.040831971733786006
12702,0.7388506647968044,0.014347300353227784,0.2468020348499679
12703,0.9736865246409984,0.005239643277079923,0.0210738320819216
12704,0.905500897796507,0.004552420485777442,0.08994668171771568
12705,0.94328091548026,0.02641034736356529,0.0303087371561746
12706,0.01252544798689872,0.011281203981693964,0.9761933480314073
12707,0.06093208181837124,0.032606424788536495,0.9064614933930922
12708,0.4962247186367185,0.09142271915790114,0.41235256220538036
12709,0.9154458022398674,0.007303639222199689,0.07725055853793307
12710,0.3475912097409443,0.5152053701612948,0.13720342009776115
12711,0.908629085142686,0.046582659618986964,0.04478825523832696
12712,0.9681900505833809,0.0036550502745498763,0.028154899142069166
12713,0.5156628997240265,0.02312171073009642,0.4612153895458772
12714,0.030498955816655998,0.01596533243373812,0.9535357117496058
12715,0.9478464856496248,0.016665911615636162,0.03548760273473909
12716,0.7610346993455378,0.1304980335376266,0.1084672671168357
12717,0.5194360610304468,0.31751684037775824,0.16304709859179503
12718,0.6221134468171178,0.017522592588915267,0.3603639605939671
12719,0.15722579089032457,0.2048238728581937,0.6379503362514817
12720,0.966533592374402,0.0066277059882123065,0.026838701637385665
12721,0.18276153655940833,0.019843053950674774,0.797395409489917
12722,0.7268214531498983,0.13831056945084877,0.13486797739925302
12723,0.22446121448930736,0.007731184164227891,0.7678076013464648
12724,0.9569292883309978,0.004433836243660078,0.03863687542534223
12725,0.9350715105573372,0.005185074355518277,0.059743415087144515
12726,0.9705667555297872,0.005079973927179221,0.024353270543033503
12727,0.6133175670374874,0.1557678520263915,0.23091458093612113
12728,0.026452133880501688,0.009161901848266098,0.9643859642712321
12729,0.8198182126248511,0.012165638457868683,0.16801614891728034
12730,0.8794799805003032,0.016040200791779514,0.10447981870791724
12731,0.9452670528129076,0.008452678444362644,0.046280268742729905
12732,0.8247545382963583,0.006404018436582397,0.16884144326705944
12733,0.03174672866426836,0.012589848663904392,0.9556634226718272
12734,0.008901674275893794,0.0018138332235732777,0.989284492500533
12735,0.9053501119692756,0.013824293402692105,0.08082559462803232
12736,0.8515662933165267,0.03176100968335852,0.11667269700011497
12737,0.8617973915497803,0.034303998364618594,0.10389861008560101
12738,0.13044444418840023,0.05878236985397258,0.8107731859576272
12739,0.9219603321057075,0.04122888106538824,0.03681078682890424
12740,0.027151660439969295,0.023346796899158254,0.9495015426608724
12741,0.023383674092898533,0.10102931668606087,0.8755870092210406
12742,0.9649311510022741,0.009149236020718082,0.02591961297700776
12743,0.011285512415211533,0.01258711636207947,0.9761273712227091
12744,0.7378864494344753,0.022358446652106106,0.23975510391341862
12745,0.013328442056918256,0.0037075869643457987,0.982963970978736
12746,0.9809942396123048,0.0032706481130085454,0.015735112274686682
12747,0.6903858234342187,0.09792434503847035,0.21168983152731108
12748,0.6221297441220014,0.07810953633355579,0.29976071954444283
12749,0.05687503257685594,0.016973200585090747,0.9261517668380533
12750,0.8680481605414194,0.02895458520344413,0.10299725425513649
12751,0.042115067660354805,0.022875134145716774,0.9350097981939284
12752,0.9133839412652923,0.007540174371483312,0.07907588436322442
12753,0.08569695764498213,0.008846666532525334,0.9054563758224926
12754,0.8224024646283623,0.008931265045134884,0.16866627032650292
12755,0.8797382403851949,0.01097457178951453,0.10928718782529076
12756,0.02033206161610237,0.002797597426892232,0.9768703409570054
12757,0.10999456088746332,0.01615736998134486,0.8738480691311918
12758,0.1270750955520927,0.011431140392359915,0.8614937640555475
12759,0.9666555451289336,0.012878520647975055,0.020465934223091498
12760,0.019365410474988142,0.005542712949409859,0.9750918765756019
12761,0.9676111560054157,0.006467269171476504,0.025921574823107845
12762,0.7075256543149167,0.011015938659366828,0.2814584070257164
12763,0.9236680077410199,0.05419940052712784,0.022132591731852287
12764,0.8999528254411274,0.05126671392280049,0.04878046063607207
12765,0.344651781552696,0.03493101185212553,0.6204172065951786
12766,0.04770346883283909,0.047321098746850906,0.90497543242031
12767,0.483978563453211,0.19044703074881433,0.32557440579797475
12768,0.9498512550123704,0.004187413385594388,0.045961331602035436
12769,0.9673699804080743,0.00558522835421026,0.027044791237715474
12770,0.8704674045192337,0.0492205954583445,0.08031200002242173
12771,0.9344057731097821,0.01543580647318488,0.05015842041703309
12772,0.0821781776053466,0.03997592971618722,0.8778458926784661
12773,0.66501493121214,0.12219808252646969,0.21278698626139037
12774,0.861805568791135,0.07552070090629405,0.06267373030257098
12775,0.9426337806337693,0.011502945454611653,0.045863273911619096
12776,0.9836816244742227,0.0023912426540064935,0.013927132871770862
12777,0.8895166897165264,0.013437075825086792,0.09704623445838685
12778,0.9604095744198923,0.01337276181623699,0.026217663763870757
12779,0.30541979794197244,0.04854689281213773,0.6460333092458899
12780,0.41507273484694157,0.20578974221649757,0.3791375229365609
12781,0.96828211321786,0.005885675414753141,0.025832211367387104
12782,0.07566736493762695,0.014339940029052851,0.9099926950333201
12783,0.522563734914137,0.05904912757090556,0.41838713751495743
12784,0.8745032182671298,0.010074649438437092,0.1154221322944332
12785,0.8615495403674175,0.0251870752815793,0.11326338435100324
12786,0.024925386991785273,0.008272599335085945,0.9668020136731288
12787,0.09757205699512465,0.02581099593294184,0.8766169470719336
12788,0.9115343401191234,0.009134373288242422,0.07933128659263422
12789,0.41089260462189736,0.06348992424417998,0.5256174711339228
12790,0.1028506207227201,0.06654050640806215,0.8306088728692178
12791,0.8202619775021959,0.015716854926539594,0.16402116757126464
12792,0.9874329218546299,0.0047665724478002615,0.007800505697569842
12793,0.9655323721544722,0.007918415206385622,0.02654921263914214
12794,0.02599841484998099,0.008764903575924183,0.9652366815740948
12795,0.021308753329753533,0.0038148022778156996,0.9748764443924307
12796,0.8294404444407969,0.026660803584942494,0.14389875197426075
12797,0.859597225894398,0.026008077558848704,0.11439469654675331
12798,0.25120292727982524,0.02372398434386781,0.725073088376307
12799,0.9023312986153244,0.013698763521923481,0.08396993786275228
12800,0.27085120633626886,0.09693043012108325,0.632218363542648
12801,0.9476222018085022,0.010633788691868857,0.04174400949962904
12802,0.8065678350865065,0.032341478761840715,0.16109068615165287
12803,0.8078091242921276,0.024623008621445012,0.16756786708642754
12804,0.44783672842321326,0.029513492590685527,0.5226497789861013
12805,0.3949607827834165,0.0956671086673759,0.5093721085492077
12806,0.014175962312561435,0.005773135251079799,0.9800509024363587
12807,0.9572291207808298,0.007882684137842818,0.034888195081327344
12808,0.8641994938639428,0.006845129028593708,0.12895537710746338
12809,0.9720710310928472,0.002266094684141878,0.025662874223010692
12810,0.3541617858073108,0.014018239943008335,0.631819974249681
12811,0.9276657455666093,0.013366098050170075,0.05896815638322072
12812,0.8686782588734754,0.012957422815192061,0.11836431831133264
12813,0.9554904404061074,0.00584103603236567,0.03866852356152714
12814,0.915793582176415,0.011218733190639617,0.07298768463294532
12815,0.9400971288900918,0.003608321482889771,0.05629454962701842
12816,0.013210304776513623,0.0021581258648410867,0.9846315693586453
12817,0.18438836813094922,0.29909669039287273,0.5165149414761782
12818,0.9427418203731555,0.015814276534368805,0.041443903092475816
12819,0.7792573354536888,0.019995502982729597,0.2007471615635816
12820,0.8130685411516188,0.008219778773164514,0.17871168007521662
12821,0.15558404651499289,0.02094390612687249,0.8234720473581347
12822,0.026708757602439886,0.003960713587257547,0.9693305288103026
12823,0.9717718529278961,0.009031655722423962,0.019196491349679854
12824,0.9635432384173861,0.010658844109163441,0.025797917473450473
12825,0.7369894144219412,0.023456556909391153,0.23955402866866768
12826,0.9784577559195623,0.005228633739610689,0.016313610340826942
12827,0.7145531221260547,0.028645787664208253,0.2568010902097371
12828,0.9527327276057355,0.011288268419187886,0.035979003975076626
12829,0.07151374990471124,0.11457439899922019,0.8139118510960687
12830,0.9727148483442879,0.0039413467052987535,0.023343804950413414
12831,0.10179775395882658,0.021296414755988483,0.8769058312851848
12832,0.46484026364528286,0.0797000452954278,0.45545969105928935
12833,0.9731012157927558,0.0033157268618484513,0.023583057345395817
12834,0.027297902999269794,0.007379229610792696,0.9653228673899376
12835,0.0928426107738566,0.04728523622510167,0.8598721530010418
12836,0.4422722935438362,0.2251018133065408,0.33262589314962304
12837,0.9498005397314367,0.028842323127979397,0.021357137140583664
12838,0.027918584826157826,0.0035561603512062113,0.968525254822636
12839,0.1556008856682607,0.15216855489117184,0.6922305594405674
12840,0.09023717416412921,0.016334654021274993,0.8934281718145958
12841,0.9506110407603455,0.010296750103552221,0.039092209136102236
12842,0.9352542591385479,0.017558743017835284,0.047186997843616914
12843,0.46500861912624164,0.034125835507821556,0.5008655453659371
12844,0.18382742425159468,0.037796078464438644,0.7783764972839667
12845,0.8662565806609067,0.03764661093242608,0.09609680840666728
12846,0.9449670968807898,0.007177770252530556,0.04785513286667953
12847,0.5719603064672546,0.05381652050885292,0.37422317302389246
12848,0.8393254354449111,0.014991905192363921,0.14568265936272495
12849,0.5336889045603083,0.03532019317829257,0.4309909022613993
12850,0.9217851309606286,0.023132789529396514,0.055082079509974895
12851,0.09936842426476755,0.06334724310402141,0.8372843326312112
12852,0.5042878834169405,0.013090931934994525,0.48262118464806497
12853,0.9682075320525331,0.005144047504045574,0.026648420443421507
12854,0.9794154996401068,0.0019290610591979841,0.018655439300695208
12855,0.43273108071393634,0.021982124314467815,0.5452867949715959
12856,0.9142268367848555,0.00821074964712307,0.07756241356802146
12857,0.9687069242025611,0.016768913841036535,0.014524161956402363
12858,0.9521174920231007,0.002489903643761711,0.045392604333137625
12859,0.013531889768666762,0.008745495921436409,0.9777226143098968
12860,0.6400191366467956,0.024915379683034367,0.33506548367017014
12861,0.8466692576041536,0.07510987307842946,0.07822086931741712
12862,0.7272939193299348,0.010222258831676623,0.26248382183838864
12863,0.9525971758759438,0.013331018727923319,0.034071805396132936
12864,0.2944081189390843,0.4944467122922403,0.21114516876867548
12865,0.5601034053370085,0.02693317568628401,0.4129634189767075
12866,0.5353766015838731,0.12781589525725714,0.33680750315886976
12867,0.21232802972160444,0.007173592794469156,0.7804983774839265
12868,0.9757225023900118,0.005269133066191712,0.019008364543796556
12869,0.019846005939836278,0.015049927227360317,0.9651040668328034
12870,0.944348450256402,0.026365673922563285,0.029285875821034764
12871,0.24712604111335437,0.054712539771913614,0.698161419114732
12872,0.48972633172799945,0.09853439365933471,0.41173927461266585
12873,0.056989172525636574,0.04300200404421541,0.900008823430148
12874,0.017669790331359413,0.00928338694869151,0.973046822719949
12875,0.9638592809111849,0.009162312254031153,0.02697840683478386
12876,0.023853237710119216,0.01174027378068626,0.9644064885091945
12877,0.9747047167047493,0.00551149662011242,0.019783786675138117
12878,0.018353118017710963,0.02113772658788375,0.9605091553944054
12879,0.6819241567640354,0.006078461205085729,0.3119973820308789
12880,0.014447197948518535,0.0038343998569151717,0.9817184021945662
12881,0.8209105509243296,0.016645967947560344,0.16244348112811005
12882,0.7727881616757177,0.05812988602285584,0.16908195230142656
12883,0.1301464872406491,0.026349255644236753,0.8435042571151142
12884,0.7923084482327222,0.009699163213247113,0.19799238855403076
12885,0.9752563615003887,0.0026345361381471554,0.02210910236146413
12886,0.8865536784499942,0.04093869858542927,0.07250762296457648
12887,0.10924574617511597,0.008425283876784147,0.8823289699481
12888,0.9372027747422832,0.005167268495279824,0.05762995676243713
12889,0.9088896240867511,0.02754888211150237,0.06356149380174664
12890,0.020017888821840246,0.004771759792087546,0.9752103513860723
12891,0.05775125147139814,0.0045746595558641,0.9376740889727379
12892,0.9424918783515102,0.03458924510456083,0.02291887654392897
12893,0.860579138804496,0.017388424864551864,0.12203243633095212
12894,0.9722307663554545,0.006288403392886489,0.021480830251658988
12895,0.9768771259903893,0.009205978941235564,0.01391689506837509
12896,0.9762222231068148,0.004527398381858606,0.019250378511326563
12897,0.11706170629430306,0.011660661862833021,0.871277631842864
12898,0.9572103626305507,0.005232113986025457,0.037557523383423635
12899,0.8351052450988737,0.005823970843606208,0.15907078405751998
12900,0.910032116834678,0.0037151217892402457,0.08625276137608166
12901,0.7618111024646578,0.010788356598607735,0.22740054093673454
12902,0.8354285206853768,0.03150110693334698,0.1330703723812763
12903,0.9135649692421902,0.024810843915690755,0.06162418684211895
12904,0.9647295893756814,0.0031175936471323396,0.03215281697718626
12905,0.37864476131901115,0.20585246671105562,0.41550277196993324
12906,0.9464617485973903,0.006665938041895639,0.046872313360714186
12907,0.9401215677299262,0.00497468653791696,0.054903745732156964
12908,0.12811328972815186,0.15886303940902496,0.7130236708628233
12909,0.09219590962507597,0.009901463129418971,0.8979026272455052
12910,0.9099339381039487,0.024680477865899886,0.06538558403015164
12911,0.9672730982697925,0.005245469443815328,0.02748143228639229
12912,0.919907629406388,0.0042580975750209854,0.0758342730185909
12913,0.2183999033158915,0.020718626135560126,0.7608814705485485
12914,0.9207693589264137,0.00860540989667896,0.07062523117690749
12915,0.8242232740986634,0.018556181879373815,0.15722054402196287
12916,0.16673823781281027,0.1046062914260374,0.7286554707611523
12917,0.9779340558927941,0.003520799376065364,0.018545144731140648
12918,0.3667609313486238,0.006444110530383773,0.6267949581209925
12919,0.8064506860475005,0.0785633769409464,0.11498593701155317
12920,0.9636830043865527,0.0045592122495459195,0.03175778336390133
12921,0.9767672228571954,0.011019955322290453,0.012212821820514152
12922,0.962444139735619,0.0028915216117309946,0.03466433865265011
12923,0.013803289538767903,0.013753143870089867,0.9724435665911423
12924,0.07685622014574896,0.04608075229971642,0.8770630275545347
12925,0.9646610186062082,0.010998611338440495,0.02434037005535132
12926,0.010996836917616916,0.004541025737290128,0.9844621373450929
12927,0.7770704939286981,0.020180789772202928,0.20274871629909905
12928,0.330166836219334,0.36712742779887575,0.3027057359817904
12929,0.5410485233562798,0.014959001118488881,0.44399247552523136
12930,0.6285141899147338,0.06295952537210249,0.30852628471316373
12931,0.04073923084116319,0.03975136675651837,0.9195094024023185
12932,0.07392472138680728,0.030538651052438377,0.8955366275607545
12933,0.7996869265679326,0.02257688767414024,0.17773618575792727
12934,0.012061973694028925,0.0022989766082539805,0.9856390496977171
12935,0.755004375786266,0.014706004092468706,0.2302896201212654
12936,0.9074075921944309,0.019205247228354337,0.07338716057721471
12937,0.9369447065375428,0.0052536137850944745,0.05780167967736285
12938,0.5697753750883133,0.013083221228239607,0.41714140368344704
12939,0.04746409114253757,0.01080819936057267,0.9417277094968897
12940,0.34468676580110336,0.15560135959135024,0.4997118746075465
12941,0.6731782375273708,0.016353641289680265,0.31046812118294914
12942,0.8368499542969176,0.02324321807702957,0.13990682762605303
12943,0.7727129112758068,0.012376575818021455,0.21491051290617177
12944,0.4465185334430111,0.009263095529339451,0.5442183710276495
12945,0.7517504215157702,0.00988726913578724,0.23836230934844257
12946,0.014604559099112058,0.011354407352558273,0.9740410335483295
12947,0.5881181257136244,0.18319647327646524,0.22868540100991036
12948,0.9588565909025836,0.016802475033017798,0.02434093406439876
12949,0.9646646808616811,0.0025753964317156287,0.03275992270660326
12950,0.9608755554604236,0.009281324080109,0.02984312045946729
12951,0.8331532884505206,0.047518565475184134,0.11932814607429533
12952,0.9717721277105217,0.0025188011296422186,0.025709071159836127
12953,0.9187381395214893,0.017617616935866182,0.06364424354264447
12954,0.18364875398381703,0.0718458714365884,0.7445053745795946
12955,0.4216895879085886,0.04714535601071347,0.5311650560806981
12956,0.3866108115388995,0.00984689951130492,0.6035422889497956
12957,0.48077118639069677,0.03570390188242784,0.48352491172687534
12958,0.7616823014539102,0.06341195651924324,0.17490574202684656
12959,0.3384985592655482,0.033645783285816154,0.6278556574486357
12960,0.9519523126138444,0.006539420905732122,0.041508266480423495
12961,0.9269956540084657,0.017030082081461635,0.05597426391007269
12962,0.5864094043634002,0.0662935393250045,0.3472970563115954
12963,0.808036441343481,0.032909388840599615,0.15905416981591955
12964,0.8783619621401441,0.017119746992403418,0.10451829086745246
12965,0.04890792709456504,0.03583858274515512,0.9152534901602799
12966,0.8584318278367707,0.006967622303058943,0.13460054986017037
12967,0.895066113214627,0.031903539201703336,0.07303034758366957
12968,0.1631867524643885,0.015726844409568144,0.8210864031260434
12969,0.9644475582538296,0.007738908143350534,0.027813533602820104
12970,0.37474890016476126,0.020772631075585194,0.6044784687596537
12971,0.1397682227494218,0.04207527503959126,0.818156502210987
12972,0.02041977726160214,0.004425773248418316,0.9751544494899794
12973,0.849774667061334,0.011301396161592555,0.1389239367770735
12974,0.7009937096416532,0.010511741013806938,0.28849454934453994
12975,0.5823770793962565,0.12391640726531579,0.29370651333842784
12976,0.24281819957638015,0.004513214840560171,0.7526685855830597
12977,0.49103582940962204,0.05190358961571776,0.4570605809746602
12978,0.9625504459001931,0.01669017046682378,0.020759383632983314
12979,0.3299096058325192,0.027484467030581525,0.6426059271368992
12980,0.9641256957604288,0.0031774072339065163,0.032696897005664735
12981,0.09237552633110806,0.005113236823584904,0.9025112368453071
12982,0.9677697593185796,0.0030292394167003487,0.02920100126472016
12983,0.32717252793791796,0.021298814387917427,0.6515286576741647
12984,0.04247235645486167,0.010799904121370977,0.9467277394237674
12985,0.6535127726191904,0.24570108332728827,0.10078614405352145
12986,0.8443731072289674,0.02363198304069444,0.1319949097303383
12987,0.09190194509087236,0.023711071038734873,0.8843869838703928
12988,0.9538414909407597,0.008410350417318012,0.037748158641922325
12989,0.9768808271785576,0.003624338576528449,0.01949483424491393
12990,0.9659763532652212,0.006667995884926516,0.02735565084985236
12991,0.9656202663814887,0.005441340077401177,0.028938393541110132
12992,0.9056373420464066,0.012454188403930077,0.08190846954966342
12993,0.16906782203270423,0.10392189845933382,0.7270102795079622
12994,0.526334524145372,0.05469226892253622,0.4189732069320919
12995,0.6348970201539857,0.057808197036288866,0.3072947828097255
12996,0.029339052378167044,0.04116750482207166,0.9294934427997613
12997,0.7333611481561394,0.017487398603434783,0.2491514532404259
12998,0.6344418454715459,0.024699107719682013,0.340859046808772
12999,0.5899496085438919,0.018167091901568348,0.39188329955453977
13000,0.962397871017201,0.006433002895769027,0.031169126087029982
13001,0.9524186022835629,0.004176335031913786,0.04340506268452335
13002,0.01101660371927418,0.005287355676627894,0.9836960406040978
13003,0.22121211281500064,0.006256262205065426,0.772531624979934
13004,0.00929669813560652,0.007920389941238998,0.9827829119231545
13005,0.9177829295707927,0.025468049589428422,0.056749020839779
13006,0.954749068725831,0.004452120642097378,0.04079881063207156
13007,0.6170734785199171,0.007607057740114318,0.37531946373996866
13008,0.3524465008409498,0.1629187751435383,0.48463472401551194
13009,0.039311013559123115,0.007894510105356729,0.9527944763355201
13010,0.8015819706704777,0.005763826210049891,0.19265420311947248
13011,0.2621561885873099,0.14193592840972136,0.5959078830029688
13012,0.9470729871361162,0.009982448855998098,0.04294456400788577
13013,0.9536391275154458,0.004524180627685432,0.041836691856868904
13014,0.6277149585124627,0.02734732983640167,0.3449377116511358
13015,0.886729907548067,0.015425156720788957,0.09784493573114396
13016,0.955205740262247,0.012032059342797868,0.03276220039495506
13017,0.0848763275093646,0.009441460367304573,0.9056822121233309
13018,0.11194380765728836,0.20566281256514596,0.6823933797775658
13019,0.9152136113487305,0.013176779203095668,0.07160960944817384
13020,0.749704989105967,0.015103759167986569,0.23519125172604657
13021,0.010842029451480871,0.005013092831385264,0.9841448777171339
13022,0.9505666968494679,0.013322233258484016,0.03611106989204792
13023,0.8889475032975654,0.006017803923726158,0.10503469277870839
13024,0.9327612221460093,0.00428228602391634,0.06295649183007439
13025,0.9718810017790822,0.007398792104438998,0.020720206116478884
13026,0.012187180693845692,0.00902088723233531,0.978791932073819
13027,0.9720157390381629,0.014147221175676255,0.013837039786160939
13028,0.4032359053530972,0.020988902738510357,0.5757751919083925
13029,0.9615203389436776,0.00484124079241219,0.033638420263910195
13030,0.045004367967375204,0.01714527101773824,0.9378503610148866
13031,0.913555312278479,0.04171972100555286,0.044724966715968324
13032,0.9383319653593719,0.0043427138700527605,0.05732532077057539
13033,0.8707917930081449,0.009752578382230405,0.11945562860962483
13034,0.5114682839848839,0.06869776906163869,0.41983394695347753
13035,0.1032993925126145,0.025507554165178605,0.8711930533222069
13036,0.8134021293382839,0.06463652658762854,0.12196134407408754
13037,0.9431402206840982,0.011082859164638036,0.045776920151263854
13038,0.9393608926554041,0.03562279371840648,0.025016313626189512
13039,0.9179920945725965,0.004212022799412465,0.07779588262799128
13040,0.9555172297709897,0.004548161993645655,0.03993460823536463
13041,0.9449113428654219,0.008754353276655179,0.04633430385792291
13042,0.939769688331806,0.010346544929674585,0.04988376673851933
13043,0.20895601326736976,0.5689342089536952,0.22210977777893515
13044,0.6830710726298033,0.032841408664999794,0.2840875187051971
13045,0.934533052060711,0.04520434245757538,0.02026260548171366
13046,0.6622155399040405,0.12196003515411859,0.21582442494184095
13047,0.2204233143103798,0.01659119302905335,0.7629854926605669
13048,0.2275999417443553,0.036172742421724476,0.7362273158339202
13049,0.92967121811587,0.008936924077201498,0.06139185780692874
13050,0.018558386949563823,0.0034054769141423197,0.9780361361362938
13051,0.7840871716131818,0.022665155552931818,0.19324767283388636
13052,0.9109740103655374,0.017770385701646,0.07125560393281659
13053,0.15906166592198562,0.47118788878492807,0.3697504452930863
13054,0.8309138091345419,0.02945782798299837,0.13962836288245964
13055,0.9517122635270079,0.021606070230093064,0.0266816662428991
13056,0.9169613270427357,0.016558240114667742,0.06648043284259662
13057,0.013181463886459062,0.0021828883109758705,0.9846356478025652
13058,0.9792389401192073,0.007705402455571735,0.0130556574252209
13059,0.04745413747520353,0.0056678072981764275,0.94687805522662
13060,0.9534727371640491,0.006094070078491408,0.04043319275745944
13061,0.18569428307965388,0.026364786767234125,0.7879409301531121
13062,0.08908239069489633,0.07026664723510866,0.8406509620699951
13063,0.14949396737138668,0.01035257542728176,0.8401534572013317
13064,0.9588979745206434,0.008180226915734697,0.03292179856362202
13065,0.9019136930253945,0.010681814625083646,0.08740449234952179
13066,0.8727139841992405,0.01970462673328319,0.10758138906747636
13067,0.014587650851651488,0.0038353656136237914,0.9815769835347249
13068,0.9630860533545893,0.009469000189579404,0.027444946455831332
13069,0.07771320302297893,0.044863821481542936,0.8774229754954782
13070,0.8014533750779894,0.007306902200461808,0.19123972272154902
13071,0.037659094011612666,0.01911527985967702,0.9432256261287104
13072,0.9564636152563752,0.005289728652163318,0.03824665609146149
13073,0.42047100586145947,0.04997764128995199,0.5295513528485888
13074,0.025679565181649162,0.007855930287774008,0.9664645045305769
13075,0.22225821289967948,0.030573265846389232,0.7471685212539313
13076,0.3544307374615867,0.025366690990410532,0.620202571548003
13077,0.964736053840184,0.0027786789863862636,0.032485267173429797
13078,0.7964353845427065,0.008522637395051057,0.19504197806224247
13079,0.9788936555777291,0.003776173431015863,0.017330170991255108
13080,0.33632275523377037,0.010103213341740453,0.6535740314244892
13081,0.16276629665504183,0.031095719677290957,0.8061379836676673
13082,0.8809219344540097,0.0116849731317183,0.10739309241427208
13083,0.2698035733823148,0.011447496135815282,0.7187489304818699
13084,0.9748244543089003,0.0035778922634784045,0.021597653427621342
13085,0.2794017448958367,0.08345838209582905,0.6371398730083343
13086,0.9642738888657183,0.01981055498512813,0.015915556149153576
13087,0.050101433850820616,0.005701199472482141,0.9441973666766973
13088,0.9753753063377463,0.009494641387193118,0.015130052275060717
13089,0.9838667569783841,0.0053666044410164105,0.01076663858059948
13090,0.5345865823423578,0.152358316318249,0.31305510133939324
13091,0.9749116286379896,0.011651068564818472,0.013437302797191754
13092,0.04785568992626898,0.04488674930521348,0.9072575607685177
13093,0.4869563371611902,0.05765176441048086,0.455391898428329
13094,0.9745320217885917,0.012289348366514834,0.013178629844893536
13095,0.93577083850633,0.028605319717237645,0.03562384177643234
13096,0.8687238756418117,0.05856547443143688,0.07271064992675146
13097,0.8873770200818556,0.03434230434578927,0.07828067557235521
13098,0.8107091513962161,0.027412633202848685,0.1618782154009352
13099,0.592219660484396,0.060982085685783685,0.3467982538298205
13100,0.9367690070787132,0.020052242079629436,0.04317875084165727
13101,0.04705115972395383,0.040423051290233075,0.9125257889858133
13102,0.15855912446586926,0.05805392412179429,0.7833869514123364
13103,0.9810374043121882,0.005524433484644206,0.013438162203167538
13104,0.07554374103273974,0.08219416919115945,0.8422620897761008
13105,0.9431008946353837,0.005698832893037332,0.051200272471578996
13106,0.5388799894162771,0.037246896315467314,0.4238731142682556
13107,0.9600605331152173,0.009715907974007381,0.030223558910775276
13108,0.9465021290862181,0.015956700014705547,0.03754117089907631
13109,0.7833501575398795,0.01176399468620421,0.20488584777391639
13110,0.8877137414306976,0.020911552478506495,0.09137470609079588
13111,0.15313337839476004,0.142656999667575,0.7042096219376649
13112,0.8078660733407431,0.09381930921648092,0.09831461744277607
13113,0.9280268616109949,0.022326940133835137,0.04964619825517009
13114,0.8198916260472189,0.006679273624886919,0.17342910032789424
13115,0.1679249786069015,0.06655764715293112,0.7655173742401674
13116,0.41473863454612553,0.07037473190876616,0.5148866335451084
13117,0.5679679692074475,0.013346099404271462,0.4186859313882811
13118,0.9679919104945434,0.003642621585608328,0.02836546791984834
13119,0.9448188425162695,0.013611623232104275,0.041569534251626246
13120,0.5868236252818312,0.009580762416250483,0.4035956123019185
13121,0.9667462066439907,0.0018410988627742986,0.03141269449323508
13122,0.9666696708853442,0.002356022681719138,0.030974306432936718
13123,0.899383163597217,0.017353523601902697,0.08326331280088027
13124,0.8038508384050853,0.008592654373122302,0.18755650722179243
13125,0.35930829343425863,0.43357013109317427,0.20712157547256715
13126,0.020084676422595715,0.042750432898826025,0.9371648906785784
13127,0.9560959988011842,0.015245503931616037,0.028658497267199823
13128,0.07461534597894472,0.02826223384588703,0.8971224201751684
13129,0.7380917588688863,0.015184718196800886,0.2467235229343129
13130,0.9067863779962897,0.005346562928692384,0.08786705907501789
13131,0.5908555805457139,0.010261484456433911,0.3988829349978524
13132,0.3890617325989672,0.020955785888036562,0.5899824815129963
13133,0.31136056074390966,0.09843564064671428,0.5902037986093761
13134,0.8312334215512139,0.036757552757080786,0.13200902569170522
13135,0.08765303606173099,0.02493895519038652,0.8874080087478826
13136,0.03466213470206873,0.01118369913789124,0.9541541661600401
13137,0.9339176328429103,0.011858148175342344,0.05422421898174721
13138,0.38881894491376506,0.010867083776958874,0.6003139713092761
13139,0.9196850309611155,0.009501674021754215,0.07081329501713035
13140,0.9710559923780607,0.005218636332161437,0.023725371289777742
13141,0.5998059982020597,0.016199537877614512,0.3839944639203258
13142,0.13857460981222844,0.10334484094412842,0.7580805492436432
13143,0.8080021879919767,0.005533574133068935,0.1864642378749546
13144,0.04120907078148645,0.015871849525314393,0.9429190796931992
13145,0.8927132389917233,0.0209905096856054,0.08629625132267145
13146,0.27134952960578046,0.008302884481359211,0.7203475859128604
13147,0.9422281323887867,0.0167550859135117,0.041016781697701635
13148,0.8312642644800683,0.020562978401289022,0.14817275711864267
13149,0.025747349414977305,0.003308217284722506,0.9709444333003001
13150,0.4191778935883867,0.03006672969258604,0.5507553767190274
13151,0.6633393553005124,0.0171863545659497,0.31947429013353784
13152,0.8927526071896503,0.010348726514510976,0.09689866629583864
13153,0.05021608843441727,0.0037034297167684934,0.9460804818488143
13154,0.23216799161204785,0.03951010204490759,0.7283219063430446
13155,0.014858617678571698,0.009336935527558068,0.9758044467938704
13156,0.9369073773121425,0.011634427380330643,0.051458195307526884
13157,0.7669726309163302,0.04797511910020135,0.18505224998346856
13158,0.30340246643278085,0.04998840011488002,0.6466091334523392
13159,0.8521510833533769,0.04245486329324811,0.10539405335337511
13160,0.23488600869204426,0.24529004322123923,0.5198239480867166
13161,0.9724168294141038,0.006353148809265014,0.021230021776631174
13162,0.7415136636814371,0.027199810522765693,0.23128652579579725
13163,0.9025656259354032,0.009206852141571527,0.08822752192302534
13164,0.07514598015628988,0.007835139441387076,0.917018880402323
13165,0.5179224187913145,0.028173431064921955,0.4539041501437636
13166,0.08595401613142294,0.03700381081540265,0.8770421730531744
13167,0.9703237694034264,0.006747846147773645,0.02292838444880006
13168,0.947703186083719,0.0033016572234009123,0.04899515669288009
13169,0.4808180389027382,0.022237107586302682,0.4969448535109591
13170,0.9846162978261281,0.004692170274067805,0.010691531899804112
13171,0.9034791876851179,0.04426592593023978,0.05225488638464239
13172,0.9648471611132576,0.006452069299434248,0.02870076958730804
13173,0.8563434992914537,0.014670105733544192,0.12898639497500214
13174,0.9770368459397479,0.009377298046055894,0.013585856014196146
13175,0.4200002235647498,0.011345734305954673,0.5686540421292955
